,Time(s),Row x Col
3x2,0.003769,6
4x2,0.00061,8
5x2,0.109806,10
4x3,0.064846,12
6x2,0.000552,12
7x2,0.104236,14
5x3,0.00081,15
8x2,0.004123,16
6x3,0.103977,18
9x2,0.001065,18
5x4,0.001051,20
10x2,0.001146,20
7x3,0.109817,21
11x2,0.000567,22
6x4,0.109989,24
8x3,0.000763,24
12x2,0.000567,24
13x2,0.000591,26
9x3,0.015667,27
7x4,0.109575,28
14x2,0.00089,28
6x5,0.001187,30
10x3,0.000789,30
15x2,0.000611,30
8x4,0.000896,32
16x2,0.000614,32
11x3,0.000801,33
17x2,0.000739,34
7x5,0.001196,35
9x4,0.001014,36
12x3,0.000785,36
18x2,0.000714,36
19x2,0.000725,38
13x3,0.000841,39
8x5,0.001013,40
10x4,0.00107,40
20x2,0.091058,40
7x6,0.001367,42
14x3,0.000864,42
21x2,0.000661,42
11x4,0.091102,44
22x2,0.000696,44
9x5,0.082866,45
15x3,0.091185,45
23x2,0.090675,46
8x6,0.001407,48
12x4,0.000997,48
16x3,0.000884,48
24x2,0.000781,48
10x5,0.091689,50
25x2,0.000781,50
17x3,0.000874,51
13x4,0.001078,52
26x2,0.000942,52
9x6,0.001443,54
18x3,0.000936,54
27x2,0.000716,54
11x5,0.001186,55
8x7,0.088506,56
14x4,0.001761,56
28x2,0.0008,56
19x3,0.001093,57
29x2,0.000854,58
10x6,0.001645,60
12x5,0.001285,60
15x4,0.001135,60
20x3,0.00113,60
30x2,0.000872,60
31x2,0.000883,62
9x7,0.001554,63
21x3,0.0016,63
16x4,0.001218,64
32x2,0.001093,64
13x5,0.001293,65
11x6,0.001906,66
22x3,0.001066,66
33x2,0.00092,66
17x4,0.001146,68
34x2,0.091162,68
23x3,0.001896,69
10x7,0.001739,70
14x5,0.001346,70
35x2,0.091363,70
9x8,0.001849,72
12x6,0.001668,72
18x4,0.001324,72
24x3,0.001634,72
36x2,0.001261,72
37x2,0.001192,74
15x5,0.001348,75
25x3,0.00122,75
19x4,0.001202,76
38x2,0.001354,76
11x7,0.001884,77
13x6,0.001875,78
26x3,0.001202,78
39x2,0.001399,78
10x8,0.001995,80
16x5,0.097159,80
20x4,0.001416,80
40x2,0.001548,80
27x3,0.001093,81
41x2,0.001665,82
12x7,0.092591,84
14x6,0.001737,84
21x4,0.001435,84
28x3,0.001449,84
42x2,0.091522,84
17x5,0.001568,85
43x2,0.001881,86
29x3,0.001218,87
11x8,0.002785,88
22x4,0.001525,88
44x2,0.091795,88
10x9,0.002138,90
15x6,0.001592,90
18x5,0.00147,90
30x3,0.001228,90
45x2,0.001858,90
13x7,0.002412,91
23x4,0.002687,92
46x2,0.001899,92
31x3,0.091272,93
47x2,0.001936,94
19x5,0.001461,95
12x8,0.002665,96
16x6,0.004268,96
24x4,0.001541,96
32x3,0.091359,96
48x2,0.002233,96
14x7,0.092058,98
49x2,0.002424,98
11x9,0.092294,99
33x3,0.001452,99
20x5,0.001516,100
25x4,0.091716,100
50x2,0.092146,100
17x6,0.001853,102
34x3,0.001494,102
51x2,0.00239,102
13x8,0.09203,104
26x4,0.001524,104
52x2,0.002501,104
15x7,0.002668,105
21x5,0.091587,105
35x3,0.001838,105
53x2,0.002638,106
12x9,0.002181,108
18x6,0.091721,108
27x4,0.001538,108
36x3,0.092368,108
54x2,0.002951,108
11x10,0.002443,110
22x5,0.001707,110
55x2,0.002776,110
37x3,0.001965,111
14x8,0.002083,112
16x7,0.004559,112
28x4,0.091732,112
56x2,0.002807,112
19x6,0.092016,114
38x3,0.001873,114
57x2,0.093561,114
23x5,0.001852,115
29x4,0.091666,116
58x2,0.002991,116
13x9,0.002343,117
39x3,0.092131,117
59x2,0.003056,118
17x7,0.09345,119
12x10,0.002371,120
15x8,0.092398,120
20x6,0.001816,120
24x5,0.001938,120
30x4,0.001767,120
40x3,0.002133,120
60x2,0.003169,120
61x2,0.003397,122
41x3,0.002086,123
31x4,0.001827,124
62x2,0.093771,124
25x5,0.002052,125
14x9,0.002308,126
18x7,0.002009,126
21x6,0.001984,126
42x3,0.002183,126
63x2,0.003627,126
16x8,0.095583,128
32x4,0.001892,128
64x2,0.093621,128
43x3,0.002235,129
13x10,0.002628,130
26x5,0.001868,130
65x2,0.094264,130
12x11,0.09277,132
22x6,0.002098,132
33x4,0.001937,132
44x3,0.00236,132
66x2,0.004247,132
19x7,0.001956,133
67x2,0.094436,134
15x9,0.002494,135
27x5,0.001944,135
45x3,0.092622,135
17x8,0.002405,136
34x4,0.00201,136
68x2,0.004252,136
23x6,0.002238,138
46x3,0.002669,138
69x2,0.00447,138
14x10,0.002673,140
20x7,0.002507,140
28x5,0.001976,140
35x4,0.002197,140
70x2,0.094826,140
47x3,0.002747,141
71x2,0.094732,142
13x11,0.002934,143
16x9,0.003748,144
18x8,0.002899,144
24x6,0.00213,144
36x4,0.002627,144
48x3,0.002836,144
72x2,0.094918,144
29x5,0.002147,145
73x2,0.095106,146
21x7,0.002566,147
49x3,0.093041,147
37x4,0.00231,148
74x2,0.095495,148
15x10,0.002554,150
25x6,0.002317,150
30x5,0.002175,150
50x3,0.002984,150
75x2,0.095766,150
19x8,0.002925,152
38x4,0.092394,152
76x2,0.005789,152
17x9,0.002683,153
51x3,0.093171,153
14x11,0.094858,154
22x7,0.093977,154
77x2,0.095944,154
31x5,0.002791,155
13x12,0.093141,156
26x6,0.092656,156
39x4,0.002358,156
52x3,0.093382,156
78x2,0.096315,156
79x2,0.096256,158
53x3,0.093525,159
16x10,0.09293,160
20x8,0.092264,160
32x5,0.002525,160
40x4,0.092575,160
80x2,0.006515,160
23x7,0.092457,161
18x9,0.002771,162
27x6,0.092786,162
54x3,0.093765,162
81x2,0.09667,162
41x4,0.002731,164
82x2,0.006704,164
15x11,0.002942,165
33x5,0.003091,165
55x3,0.09387,165
83x2,0.097468,166
14x12,0.003002,168
21x8,0.002717,168
24x7,0.092558,168
28x6,0.002386,168
42x4,0.002799,168
56x3,0.093906,168
84x2,0.097941,168
17x10,0.002684,170
34x5,0.003017,170
85x2,0.097017,170
19x9,0.002919,171
57x3,0.004365,171
43x4,0.093448,172
86x2,0.098257,172
29x6,0.002902,174
58x3,0.094289,174
87x2,0.098377,174
25x7,0.003105,175
35x5,0.002803,175
16x11,0.003223,176
22x8,0.003313,176
44x4,0.002998,176
88x2,0.098693,176
59x3,0.004332,177
89x2,0.098921,178
15x12,0.093121,180
18x10,0.093366,180
20x9,0.00272,180
30x6,0.092656,180
36x5,0.003038,180
45x4,0.003471,180
60x3,0.094741,180
90x2,0.098555,180
14x13,0.003582,182
26x7,0.002998,182
91x2,0.008631,182
61x3,0.09487,183
23x8,0.002984,184
46x4,0.09351,184
92x2,0.098847,184
37x5,0.002969,185
31x6,0.002794,186
62x3,0.005173,186
93x2,0.100121,186
17x11,0.09312,187
47x4,0.093642,188
94x2,0.099919,188
21x9,0.093148,189
27x7,0.00291,189
63x3,0.095074,189
19x10,0.201973,190
38x5,0.002908,190
95x2,0.100165,190
16x12,0.003409,192
24x8,0.003391,192
32x6,0.003178,192
48x4,0.093712,192
64x3,0.005107,192
96x2,0.099889,192
97x2,0.100512,194
15x13,0.004604,195
39x5,0.002949,195
65x3,0.00627,195
28x7,0.002864,196
49x4,0.003882,196
98x2,0.101507,196
18x11,0.003132,198
22x9,0.003213,198
33x6,0.093143,198
66x3,0.096095,198
99x2,0.101754,198
20x10,0.003423,200
25x8,0.093229,200
40x5,0.00314,200
50x4,0.003902,200
67x3,0.006049,201
29x7,0.003193,203
17x12,0.003711,204
34x6,0.093251,204
51x4,0.004192,204
68x3,0.096423,204
41x5,0.093327,205
23x9,0.003583,207
69x3,0.095994,207
16x13,0.094237,208
26x8,0.003394,208
52x4,0.004674,208
19x11,0.003159,209
15x14,0.094084,210
21x10,0.003533,210
30x7,0.003032,210
35x6,0.093234,210
42x5,0.00352,210
70x3,0.006594,210
53x4,0.004552,212
71x3,0.096788,213
43x5,0.003608,215
18x12,0.003436,216
24x9,0.003237,216
27x8,0.003195,216
36x6,0.092914,216
54x4,0.005367,216
72x3,0.097205,216
31x7,0.093206,217
73x3,0.097463,219
20x11,0.093846,220
22x10,0.093967,220
44x5,0.003874,220
55x4,0.005226,220
17x13,0.094572,221
37x6,0.093613,222
74x3,0.098087,222
16x14,0.004288,224
28x8,0.093522,224
32x7,0.093213,224
56x4,0.005391,224
25x9,0.003449,225
45x5,0.0943,225
75x3,0.097824,225
19x12,0.003984,228
38x6,0.003775,228
57x4,0.095458,228
76x3,0.098654,228
23x10,0.094673,230
46x5,0.004586,230
21x11,0.003835,231
33x7,0.003443,231
77x3,0.098428,231
29x8,0.093286,232
58x4,0.005606,232
18x13,0.094334,234
26x9,0.093815,234
39x6,0.093585,234
78x3,0.101061,234
47x5,0.00458,235
59x4,0.096062,236
79x3,0.099774,237
17x14,0.004033,238
34x7,0.004958,238
16x15,0.09418,240
20x12,0.004247,240
24x10,0.09395,240
30x8,0.003947,240
40x6,0.003726,240
48x5,0.004884,240
60x4,0.096203,240
80x3,0.09908,240
22x11,0.00389,242
27x9,0.093467,243
81x3,0.100067,243
61x4,0.006371,244
35x7,0.003739,245
49x5,0.094811,245
41x6,0.004265,246
82x3,0.100096,246
19x13,0.094677,247
31x8,0.003497,248
62x4,0.096439,248
83x3,0.100535,249
25x10,0.004469,250
50x5,0.095209,250
18x14,0.004651,252
21x12,0.094652,252
28x9,0.003873,252
36x7,0.004255,252
42x6,0.094397,252
63x4,0.097494,252
84x3,0.101537,252
23x11,0.00394,253
17x15,0.004555,255
51x5,0.005253,255
85x3,0.101273,255
32x8,0.004224,256
64x4,0.097073,256
43x6,0.094397,258
86x3,0.101129,258
37x7,0.004293,259
20x13,0.003862,260
26x10,0.003901,260
52x5,0.095494,260
65x4,0.097585,260
29x9,0.003787,261
87x3,0.102088,261
22x12,0.094888,264
24x11,0.00394,264
33x8,0.003926,264
44x6,0.094691,264
66x4,0.097861,264
88x3,0.10224,264
53x5,0.095563,265
19x14,0.004705,266
38x7,0.094233,266
89x3,0.10183,267
67x4,0.098458,268
18x15,0.094644,270
27x10,0.005125,270
30x9,0.094088,270
45x6,0.005175,270
54x5,0.096472,270
90x3,0.102164,270
17x16,0.096248,272
34x8,0.0041,272
68x4,0.008301,272
21x13,0.004208,273
39x7,0.004276,273
91x3,0.192812,273
25x11,0.094621,275
55x5,0.096352,275
23x12,0.094256,276
46x6,0.095376,276
69x4,0.008486,276
92x3,0.103519,276
31x9,0.004017,279
93x3,0.103778,279
20x14,0.095516,280
28x10,0.003732,280
35x8,0.004599,280
40x7,0.094514,280
56x5,0.096652,280
70x4,0.098973,280
47x6,0.09569,282
94x3,0.195032,282
71x4,0.099481,284
19x15,0.094908,285
57x5,0.00675,285
95x3,0.10498,285
22x13,0.00455,286
26x11,0.095561,286
41x7,0.094854,287
18x16,0.005122,288
24x12,0.094556,288
32x9,0.094266,288
36x8,0.004485,288
48x6,0.09626,288
72x4,0.09931,288
96x3,0.19514,288
29x10,0.094262,290
58x5,0.097243,290
97x3,0.106045,291
73x4,0.099997,292
21x14,0.095238,294
42x7,0.004795,294
49x6,0.005874,294
98x3,0.105785,294
59x5,0.097296,295
37x8,0.095043,296
74x4,0.100566,296
27x11,0.095491,297
33x9,0.0948,297
99x3,0.196419,297
23x13,0.005629,299
20x15,0.095764,300
25x12,0.004612,300
30x10,0.004523,300
50x6,0.005922,300
60x5,0.007486,300
75x4,0.1007,300
43x7,0.00519,301
19x16,0.005624,304
38x8,0.004642,304
76x4,0.1011,304
61x5,0.097825,305
18x17,0.095785,306
34x9,0.093657,306
51x6,0.09624,306
22x14,0.094929,308
28x11,0.09467,308
44x7,0.095597,308
77x4,0.10196,308
31x10,0.094885,310
62x5,0.098287,310
24x13,0.004817,312
26x12,0.00468,312
39x8,0.095521,312
52x6,0.006535,312
78x4,0.10328,312
21x15,0.005207,315
35x9,0.094861,315
45x7,0.095681,315
63x5,0.008932,315
79x4,0.101998,316
53x6,0.096837,318
29x11,0.005323,319
20x16,0.005191,320
32x10,0.004821,320
40x8,0.005618,320
64x5,0.099163,320
80x4,0.192537,320
23x14,0.09496,322
46x7,0.006199,322
19x17,0.095747,323
27x12,0.005001,324
36x9,0.095199,324
54x6,0.007434,324
81x4,0.102856,324
25x13,0.095755,325
65x5,0.09912,325
41x8,0.005486,328
82x4,0.192957,328
47x7,0.006079,329
22x15,0.00617,330
30x11,0.095151,330
33x10,0.005068,330
55x6,0.097287,330
66x5,0.099512,330
83x4,0.103592,332
37x9,0.005314,333
67x5,0.099984,335
21x16,0.09535,336
24x14,0.095879,336
28x12,0.005267,336
42x8,0.095827,336
48x7,0.096577,336
56x6,0.097931,336
84x4,0.195429,336
26x13,0.094969,338
20x17,0.096244,340
34x10,0.005442,340
68x5,0.100397,340
85x4,0.10466,340
31x11,0.004975,341
19x18,0.005772,342
38x9,0.09518,342
57x6,0.09798,342
49x7,0.097207,343
43x8,0.095927,344
86x4,0.104626,344
23x15,0.005087,345
69x5,0.190762,345
29x12,0.095055,348
58x6,0.09859,348
87x4,0.10536,348
25x14,0.00593,350
35x10,0.005064,350
50x7,0.097043,350
70x5,0.100763,350
27x13,0.095791,351
39x9,0.005608,351
22x16,0.095666,352
32x11,0.095499,352
44x8,0.006954,352
88x4,0.10546,352
59x6,0.098829,354
71x5,0.101733,355
89x4,0.196019,356
21x17,0.006661,357
51x7,0.097565,357
20x18,0.005958,360
24x15,0.005842,360
30x12,0.005445,360
36x10,0.095742,360
40x9,0.095856,360
45x8,0.006321,360
60x6,0.098879,360
72x5,0.101617,360
90x4,0.196231,360
33x11,0.0954,363
26x14,0.005547,364
28x13,0.095636,364
52x7,0.208133,364
91x4,0.197802,364
73x5,0.102345,365
61x6,0.09977,366
23x16,0.097048,368
46x8,0.097642,368
92x4,0.197865,368
41x9,0.096122,369
37x10,0.095886,370
74x5,0.103097,370
53x7,0.008256,371
31x12,0.095561,372
62x6,0.100222,372
93x4,0.197784,372
22x17,0.097636,374
34x11,0.096003,374
25x15,0.095825,375
75x5,0.103469,375
47x8,0.096935,376
94x4,0.198493,376
29x13,0.005468,377
21x18,0.096465,378
27x14,0.005855,378
42x9,0.096842,378
54x7,0.008576,378
63x6,0.190454,378
20x19,0.096557,380
38x10,0.006186,380
76x5,0.193628,380
95x4,0.200112,380
24x16,0.096371,384
32x12,0.005664,384
48x8,0.007558,384
64x6,0.100806,384
96x4,0.200123,384
35x11,0.101928,385
55x7,0.09931,385
77x5,0.103783,385
43x9,0.006521,387
97x4,0.200571,388
26x15,0.096092,390
30x13,0.096081,390
39x10,0.096344,390
65x6,0.100829,390
78x5,0.194502,390
23x17,0.096227,391
28x14,0.095955,392
49x8,0.098307,392
56x7,0.098801,392
98x4,0.290347,392
79x5,0.194693,395
22x18,0.006674,396
33x12,0.096153,396
36x11,0.005784,396
44x9,0.097176,396
66x6,0.101923,396
99x4,0.201521,396
21x19,0.097702,399
57x7,0.099287,399
25x16,0.096957,400
40x10,0.096842,400
50x8,0.098408,400
80x5,0.104823,400
67x6,0.102321,402
31x13,0.096611,403
27x15,0.096265,405
45x9,0.097831,405
81x5,0.1055,405
29x14,0.096714,406
58x7,0.099977,406
37x11,0.096922,407
24x17,0.096673,408
34x12,0.096699,408
51x8,0.098506,408
68x6,0.192147,408
41x10,0.006928,410
82x5,0.106869,410
59x7,0.10045,413
23x18,0.006484,414
46x9,0.097879,414
69x6,0.102731,414
83x5,0.196847,415
26x16,0.096378,416
32x13,0.097361,416
52x8,0.09829,416
22x19,0.096833,418
38x11,0.096395,418
21x20,0.097404,420
28x15,0.006708,420
30x14,0.096511,420
35x12,0.090653,420
42x10,0.006957,420
60x7,0.100771,420
70x6,0.192705,420
84x5,0.197681,420
47x9,0.097477,423
53x8,0.099216,424
25x17,0.006615,425
85x5,0.198499,425
71x6,0.103702,426
61x7,0.100766,427
33x13,0.006618,429
39x11,0.097332,429
43x10,0.099899,430
86x5,0.198323,430
24x18,0.007162,432
27x16,0.00671,432
36x12,0.096959,432
48x9,0.098485,432
54x8,0.099889,432
72x6,0.104133,432
31x14,0.00636,434
62x7,0.10169,434
29x15,0.006374,435
87x5,0.198554,435
23x19,0.097755,437
73x6,0.105397,438
22x20,0.098013,440
40x11,0.007043,440
44x10,0.097585,440
55x8,0.100353,440
88x5,0.199129,440
49x9,0.098357,441
63x7,0.102139,441
26x17,0.007332,442
34x13,0.00693,442
37x12,0.006909,444
74x6,0.195593,444
89x5,0.200702,445
28x16,0.096312,448
32x14,0.097156,448
56x8,0.100691,448
64x7,0.102566,448
25x18,0.097957,450
30x15,0.006949,450
45x10,0.097936,450
50x9,0.098786,450
75x6,0.195833,450
90x5,0.200997,450
41x11,0.097613,451
35x13,0.097605,455
65x7,0.1926,455
91x5,0.201485,455
24x19,0.193771,456
38x12,0.097278,456
57x8,0.100955,456
76x6,0.105925,456
27x17,0.09717,459
51x9,0.099665,459
23x20,0.097779,460
46x10,0.098639,460
92x5,0.202408,460
22x21,0.007892,462
33x14,0.097163,462
42x11,0.098132,462
66x7,0.103924,462
77x6,0.196933,462
29x16,0.097826,464
58x8,0.101009,464
31x15,0.097515,465
93x5,0.20257,465
26x18,0.207059,468
36x13,0.097065,468
39x12,0.00735,468
52x9,0.100083,468
78x6,0.106671,468
67x7,0.193528,469
47x10,0.098634,470
94x5,0.203192,470
59x8,0.101254,472
43x11,0.195065,473
79x6,0.107383,474
25x19,0.098143,475
95x5,0.294267,475
28x17,0.097307,476
34x14,0.097379,476
68x7,0.104213,476
53x9,0.100386,477
24x20,0.008654,480
30x16,0.097335,480
32x15,0.007468,480
40x12,0.097702,480
48x10,0.099264,480
60x8,0.301982,480
80x6,0.197772,480
96x5,0.204043,480
37x13,0.103336,481
23x21,0.098911,483
69x7,0.10482,483
44x11,0.09889,484
97x5,0.296381,485
27x18,0.097815,486
54x9,0.100829,486
81x6,0.199235,486
61x8,0.102613,488
35x14,0.007588,490
49x10,0.100058,490
70x7,0.105149,490
98x5,0.206096,490
41x12,0.098185,492
82x6,0.199604,492
29x17,0.097738,493
26x19,0.097265,494
38x13,0.007927,494
33x15,0.098149,495
45x11,0.099136,495
55x9,0.101682,495
99x5,0.206973,495
31x16,0.097806,496
62x8,0.102674,496
71x7,0.195875,497
83x6,0.200019,498
25x20,0.098889,500
50x10,0.100307,500
24x21,0.098423,504
28x18,0.007545,504
36x14,0.008078,504
42x12,0.098269,504
56x9,0.101888,504
63x8,0.103175,504
72x7,0.196328,504
84x6,0.202107,504
23x22,0.099368,506
46x11,0.099601,506
39x13,0.099133,507
30x17,0.098261,510
34x15,0.098501,510
51x10,0.100541,510
85x6,0.201285,510
73x7,0.19695,511
32x16,0.098054,512
64x8,0.103837,512
27x19,0.098708,513
57x9,0.191939,513
43x12,0.098759,516
86x6,0.202777,516
47x11,0.099673,517
37x14,0.092576,518
74x7,0.107711,518
26x20,0.098616,520
40x13,0.098772,520
52x10,0.100256,520
65x8,0.104563,520
29x18,0.098745,522
58x9,0.10448,522
87x6,0.293374,522
25x21,0.098968,525
35x15,0.097736,525
75x7,0.198212,525
31x17,0.098409,527
24x22,0.099572,528
33x16,0.097695,528
44x12,0.099445,528
48x11,0.108542,528
66x8,0.194999,528
88x6,0.292503,528
53x10,0.191463,530
59x9,0.102888,531
28x19,0.098149,532
38x14,0.098268,532
76x7,0.199159,532
41x13,0.098831,533
89x6,0.204627,534
67x8,0.10557,536
49x11,0.100721,539
77x7,0.199896,539
27x20,0.105047,540
30x18,0.09844,540
36x15,0.098238,540
45x12,0.100056,540
54x10,0.192194,540
60x9,0.103471,540
90x6,0.294262,540
32x17,0.098473,544
34x16,0.098751,544
68x8,0.196452,544
26x21,0.008127,546
39x14,0.098794,546
42x13,0.099508,546
78x7,0.199731,546
91x6,0.205168,546
61x9,0.194068,549
25x22,0.099819,550
50x11,0.100943,550
55x10,0.103215,550
29x19,0.098825,551
24x23,0.099414,552
46x12,0.100421,552
69x8,0.197718,552
92x6,0.295679,552
79x7,0.20003,553
37x15,0.098754,555
31x18,0.008563,558
62x9,0.104605,558
93x6,0.298822,558
43x13,0.100113,559
28x20,0.098922,560
35x16,0.09917,560
40x14,0.099017,560
56x10,0.10274,560
70x8,0.197286,560
80x7,0.201235,560
33x17,0.00925,561
51x11,0.101277,561
47x12,0.101012,564
94x6,0.298125,564
27x21,0.101132,567
63x9,0.194833,567
81x7,0.291901,567
71x8,0.108078,568
30x19,0.099481,570
38x15,0.099285,570
57x10,0.103734,570
95x6,0.299948,570
26x22,0.10039,572
44x13,0.100227,572
52x11,0.195452,572
41x14,0.099716,574
82x7,0.293216,574
25x23,0.099722,575
32x18,0.099036,576
36x16,0.099485,576
48x12,0.184457,576
64x9,0.195489,576
72x8,0.198332,576
96x6,0.299187,576
34x17,0.099248,578
29x20,0.100024,580
58x10,0.196236,580
83x7,0.203547,581
97x6,0.300745,582
53x11,0.102726,583
73x8,0.199058,584
39x15,0.099724,585
45x13,0.100905,585
65x9,0.196552,585
28x21,0.099474,588
42x14,0.10011,588
49x12,0.101277,588
84x7,0.204558,588
98x6,0.300331,588
31x19,0.100477,589
59x10,0.194526,590
37x16,0.099325,592
74x8,0.290371,592
27x22,0.100035,594
33x18,0.099025,594
54x11,0.102638,594
66x9,0.10693,594
99x6,0.392582,594
35x17,0.099137,595
85x7,0.294483,595
26x23,0.1908,598
46x13,0.101199,598
25x24,0.101183,600
30x20,0.208969,600
40x15,0.099576,600
50x12,0.101395,600
60x10,0.104935,600
75x8,0.200649,600
43x14,0.100816,602
86x7,0.296115,602
67x9,0.197335,603
55x11,0.103266,605
32x19,0.099525,608
38x16,0.100513,608
76x8,0.200889,608
29x21,0.100057,609
87x7,0.206359,609
61x10,0.10538,610
47x13,0.101495,611
34x18,0.099511,612
36x17,0.10004,612
51x12,0.101739,612
68x9,0.199207,612
41x15,0.100422,615
28x22,0.100244,616
44x14,0.101256,616
56x11,0.193711,616
77x8,0.201976,616
88x7,0.206916,616
31x20,0.099513,620
62x10,0.196088,620
27x23,0.101395,621
69x9,0.198779,621
89x7,0.299126,623
26x24,0.100111,624
39x16,0.100333,624
48x13,0.10179,624
52x12,0.103758,624
78x8,0.293422,624
33x19,0.10009,627
57x11,0.104491,627
37x17,0.100636,629
30x21,0.09974,630
35x18,0.099707,630
42x15,0.101612,630
45x14,0.211521,630
63x10,0.106098,630
70x9,0.199219,630
90x7,0.208561,630
79x8,0.29399,632
53x12,0.103544,636
49x13,0.102747,637
91x7,0.299931,637
29x22,0.100148,638
58x11,0.194954,638
71x9,0.200224,639
32x20,0.102792,640
40x16,0.100432,640
64x10,0.196805,640
80x8,0.203876,640
28x23,0.101316,644
46x14,0.102317,644
92x7,0.300905,644
43x15,0.101316,645
34x19,0.100116,646
38x17,0.100815,646
27x24,0.100681,648
36x18,0.101103,648
54x12,0.104543,648
72x9,0.200226,648
81x8,0.205737,648
59x11,0.105726,649
26x25,0.101926,650
50x13,0.10271,650
65x10,0.108393,650
31x21,0.190977,651
93x7,0.302096,651
41x16,0.101432,656
82x8,0.20562,656
73x9,0.201219,657
47x14,0.102146,658
94x7,0.302198,658
30x22,0.100329,660
33x20,0.100795,660
44x15,0.101597,660
55x12,0.195261,660
60x11,0.196631,660
66x10,0.198424,660
39x17,0.101205,663
51x13,0.103485,663
83x8,0.297792,664
35x19,0.101114,665
95x7,0.304329,665
37x18,0.101648,666
74x9,0.202225,666
29x23,0.101273,667
67x10,0.199776,670
61x11,0.196628,671
28x24,0.101888,672
32x21,0.322067,672
42x16,0.101378,672
48x14,0.102773,672
56x12,0.105186,672
84x8,0.297335,672
96x7,0.303227,672
27x25,0.101964,675
45x15,0.102286,675
75x9,0.204015,675
52x13,0.103677,676
97x7,0.395116,679
34x20,0.101264,680
40x17,0.100893,680
68x10,0.199828,680
85x8,0.411443,680
31x22,0.101479,682
62x11,0.197666,682
36x19,0.101317,684
38x18,0.101679,684
57x12,0.196105,684
76x9,0.293926,684
49x14,0.193588,686
98x7,0.396029,686
43x16,0.102383,688
86x8,0.298483,688
53x13,0.194707,689
30x23,0.101679,690
46x15,0.103172,690
69x10,0.201706,690
33x21,0.191241,693
63x11,0.19852,693
77x9,0.294849,693
99x7,0.39829,693
29x24,0.106009,696
58x12,0.106223,696
87x8,0.300312,696
41x17,0.101619,697
28x25,0.191601,700
35x20,0.101337,700
50x14,0.19381,700
70x10,0.201784,700
27x26,0.102751,702
39x18,0.102469,702
54x13,0.195119,702
78x9,0.206093,702
37x19,0.101129,703
32x22,0.101557,704
44x16,0.102504,704
64x11,0.199717,704
88x8,0.299955,704
47x15,0.193419,705
59x12,0.197303,708
71x10,0.202586,710
79x9,0.205934,711
89x8,0.301935,712
31x23,0.102117,713
34x21,0.101995,714
42x17,0.192658,714
51x14,0.19453,714
55x13,0.196569,715
65x11,0.200149,715
30x24,0.10243,720
36x20,0.191883,720
40x18,0.101522,720
45x16,0.193666,720
48x15,0.104004,720
60x12,0.198227,720
72x10,0.203548,720
80x9,0.297536,720
90x8,0.392463,720
38x19,0.192335,722
29x25,0.098814,725
33x22,0.101623,726
66x11,0.19954,726
28x26,0.102436,728
52x14,0.195298,728
56x13,0.196341,728
91x8,0.393778,728
81x9,0.408081,729
73x10,0.294143,730
43x17,0.102926,731
61x12,0.198584,732
35x21,0.102412,735
49x15,0.104495,735
32x23,0.192198,736
46x16,0.194101,736
92x8,0.393894,736
67x11,0.201751,737
41x18,0.102278,738
82x9,0.298963,738
37x20,0.102575,740
74x10,0.204953,740
39x19,0.192919,741
57x13,0.197815,741
53x14,0.106104,742
31x24,0.102747,744
62x12,0.199426,744
93x8,0.397592,744
83x9,0.299313,747
34x22,0.102131,748
44x17,0.103272,748
68x11,0.201969,748
30x25,0.10333,750
50x15,0.104947,750
75x10,0.295981,750
47x16,0.104318,752
94x8,0.396039,752
29x26,0.192781,754
58x13,0.19793,754
28x27,0.103474,756
36x21,0.102501,756
42x18,0.103528,756
54x14,0.196527,756
63x12,0.199734,756
84x9,0.301817,756
33x23,0.103134,759
69x11,0.202414,759
38x20,0.102894,760
40x19,0.102765,760
76x10,0.206303,760
95x8,0.398278,760
45x17,0.104578,765
51x15,0.105107,765
85x9,0.301226,765
59x13,0.306124,767
32x24,0.102747,768
48x16,0.194407,768
64x12,0.200958,768
96x8,0.398019,768
35x22,0.193239,770
55x14,0.10776,770
70x11,0.202971,770
77x10,0.208117,770
43x18,0.193638,774
86x9,0.303546,774
31x25,0.193631,775
97x8,0.400401,776
37x21,0.193316,777
41x19,0.193053,779
30x26,0.192819,780
39x20,0.102811,780
52x15,0.196507,780
60x13,0.199328,780
65x12,0.401634,780
78x10,0.29856,780
71x11,0.204521,781
34x23,0.194068,782
46x17,0.104505,782
29x27,0.104466,783
87x9,0.393787,783
49x16,0.185365,784
56x14,0.197413,784
98x8,0.40135,784
79x10,0.29811,790
33x24,0.103894,792
36x22,0.103869,792
44x18,0.19476,792
66x12,0.292783,792
72x11,0.295266,792
88x9,0.395645,792
99x8,0.401919,792
61x13,0.200391,793
53x15,0.196872,795
38x21,0.103647,798
42x19,0.195491,798
57x14,0.198563,798
47x17,0.105465,799
32x25,0.103901,800
40x20,0.193356,800
50x16,0.195881,800
80x10,0.29868,800
89x9,0.395945,801
73x11,0.205143,803
67x12,0.293589,804
35x23,0.103794,805
31x26,0.103973,806
62x13,0.200974,806
30x27,0.10488,810
45x18,0.19519,810
54x15,0.217892,810
81x10,0.302828,810
90x9,0.305327,810
29x28,0.196081,812
58x14,0.199311,812
37x22,0.199283,814
74x11,0.296756,814
34x24,0.103958,816
48x17,0.105684,816
51x16,0.311358,816
68x12,0.203657,816
43x19,0.10456,817
39x21,0.104044,819
63x13,0.201274,819
91x9,0.307144,819
41x20,0.104517,820
82x10,0.302146,820
33x25,0.194438,825
55x15,0.198841,825
75x11,0.207488,825
59x14,0.200576,826
36x23,0.194643,828
46x18,0.194986,828
69x12,0.294357,828
92x9,0.308545,828
83x10,0.303565,830
32x26,0.194774,832
52x16,0.107543,832
64x13,0.202535,832
49x17,0.106058,833
38x22,0.194802,836
44x19,0.105422,836
76x11,0.297952,836
31x27,0.104566,837
93x9,0.401725,837
30x28,0.195519,840
35x24,0.194872,840
40x21,0.103962,840
42x20,0.105136,840
56x15,0.108749,840
60x14,0.200834,840
70x12,0.29535,840
84x10,0.393114,840
65x13,0.202543,845
47x18,0.106106,846
94x9,0.40046,846
77x11,0.299626,847
53x16,0.198291,848
34x25,0.194496,850
50x17,0.197321,850
85x10,0.304832,850
37x23,0.106061,851
71x12,0.295673,852
61x14,0.201451,854
45x19,0.105655,855
57x15,0.200191,855
95x9,0.400905,855
33x26,0.105013,858
39x22,0.194947,858
66x13,0.204437,858
78x11,0.300231,858
43x20,0.195492,860
86x10,0.396044,860
41x21,0.195575,861
32x27,0.105526,864
36x24,0.105493,864
48x18,0.197089,864
54x16,0.199053,864
72x12,0.206838,864
96x9,0.403544,864
51x17,0.197809,867
31x28,0.195273,868
62x14,0.203849,868
79x11,0.39209,869
30x29,0.106221,870
58x15,0.200557,870
87x10,0.307193,870
67x13,0.204848,871
97x9,0.405299,873
38x23,0.105262,874
46x19,0.205507,874
35x25,0.199425,875
73x12,0.298252,876
40x22,0.195229,880
44x20,0.1951,880
55x16,0.309558,880
80x11,0.30262,880
88x10,0.397513,880
42x21,0.195696,882
49x18,0.197326,882
63x14,0.202549,882
98x9,0.405228,882
34x26,0.105848,884
52x17,0.19829,884
68x13,0.295793,884
59x15,0.201698,885
37x24,0.196455,888
74x12,0.300366,888
89x10,0.39931,890
33x27,0.196707,891
81x11,0.393465,891
99x9,0.497342,891
47x19,0.197088,893
32x28,0.196587,896
56x16,0.200271,896
64x14,0.203865,896
39x23,0.105586,897
69x13,0.296847,897
31x29,0.196693,899
36x25,0.195943,900
45x20,0.196898,900
50x18,0.10786,900
60x15,0.202037,900
75x12,0.300678,900
90x10,0.400185,900
53x17,0.198851,901
41x22,0.105677,902
82x11,0.394235,902
43x21,0.10679,903
35x26,0.218254,910
65x14,0.20532,910
70x13,0.297851,910
91x10,0.401053,910
38x24,0.196243,912
48x19,0.197368,912
57x16,0.200856,912
76x12,0.301609,912
83x11,0.408006,913
61x15,0.203112,915
34x27,0.196266,918
51x18,0.198855,918
54x17,0.199824,918
40x23,0.106011,920
46x20,0.106859,920
92x10,0.492749,920
71x13,0.298584,923
33x28,0.196128,924
42x22,0.106673,924
44x21,0.197616,924
66x14,0.296567,924
77x12,0.391872,924
84x11,0.307632,924
37x25,0.105867,925
32x29,0.197542,928
58x16,0.201377,928
31x30,0.107148,930
62x15,0.29417,930
93x10,0.495032,930
49x19,0.197479,931
55x17,0.201146,935
85x11,0.398137,935
36x26,0.106594,936
39x24,0.196217,936
52x18,0.199679,936
72x13,0.298698,936
78x12,0.393591,936
67x14,0.296796,938
47x20,0.198397,940
94x10,0.406134,940
41x23,0.196934,943
59x16,0.202539,944
35x27,0.196844,945
45x21,0.197913,945
63x15,0.300842,945
43x22,0.198508,946
86x11,0.39998,946
79x12,0.304756,948
73x13,0.300618,949
38x25,0.196877,950
50x19,0.198361,950
95x10,0.49691,950
34x28,0.198063,952
56x17,0.291375,952
68x14,0.297605,952
53x18,0.200181,954
33x29,0.19968,957
87x11,0.491649,957
32x30,0.197801,960
40x24,0.196558,960
48x20,0.198636,960
60x16,0.203015,960
64x15,0.295501,960
80x12,0.395732,960
96x10,0.498729,960
37x26,0.197019,962
74x13,0.302186,962
42x23,0.197293,966
46x21,0.198938,966
69x14,0.208948,966
44x22,0.107238,968
88x11,0.401769,968
51x19,0.199788,969
57x17,0.203021,969
97x10,0.498783,970
36x27,0.199167,972
54x18,0.200795,972
81x12,0.305666,972
39x25,0.196763,975
65x15,0.296045,975
75x13,0.39415,975
61x16,0.294422,976
89x11,0.403256,979
35x28,0.19799,980
49x20,0.199131,980
70x14,0.209441,980
98x10,0.500177,980
41x24,0.197736,984
82x12,0.307222,984
34x29,0.107257,986
58x17,0.313848,986
47x21,0.198978,987
38x26,0.107668,988
52x19,0.200434,988
76x13,0.394098,988
43x23,0.197409,989
33x30,0.198444,990
45x22,0.198167,990
55x18,0.291667,990
66x15,0.207029,990
90x11,0.493818,990
99x10,0.502787,990
32x31,0.199706,992
62x16,0.204466,992
71x14,0.300334,994
83x12,0.399626,996
37x27,0.197639,999
40x25,0.197271,1000
50x20,0.200489,1000
77x13,0.304249,1001
91x11,0.496615,1001
59x17,0.293731,1003
67x15,0.298924,1005
53x19,0.201404,1007
36x28,0.198034,1008
42x24,0.197837,1008
48x21,0.199799,1008
56x18,0.202746,1008
63x16,0.295709,1008
72x14,0.300778,1008
84x12,0.490694,1008
44x23,0.198825,1012
46x22,0.19927,1012
92x11,0.408045,1012
39x26,0.19774,1014
78x13,0.305146,1014
35x29,0.198662,1015
34x30,0.198494,1020
51x20,0.200214,1020
60x17,0.294449,1020
68x15,0.209464,1020
85x12,0.401881,1020
73x14,0.303215,1022
33x31,0.108944,1023
93x11,0.49931,1023
64x16,0.297607,1024
41x25,0.198766,1025
38x27,0.198368,1026
54x19,0.402086,1026
57x18,0.203589,1026
79x13,0.397051,1027
49x21,0.200662,1029
43x24,0.199164,1032
86x12,0.404153,1032
47x22,0.199947,1034
94x11,0.499465,1034
45x23,0.108903,1035
69x15,0.390936,1035
37x28,0.198764,1036
74x14,0.394188,1036
61x17,0.205723,1037
40x26,0.107972,1040
52x20,0.31177,1040
65x16,0.299226,1040
80x13,0.399488,1040
36x29,0.199015,1044
58x18,0.294728,1044
87x12,0.403889,1044
55x19,0.203776,1045
95x11,0.501825,1045
35x30,0.19949,1050
42x25,0.198707,1050
50x21,0.291617,1050
70x15,0.390942,1050
75x14,0.305216,1050
39x27,0.10874,1053
81x13,0.398746,1053
34x31,0.200016,1054
62x17,0.297105,1054
33x32,0.200324,1056
44x24,0.199826,1056
48x22,0.305572,1056
66x16,0.298899,1056
88x12,0.405465,1056
96x11,0.500929,1056
46x23,0.200134,1058
53x20,0.202756,1060
59x18,0.205652,1062
38x28,0.198602,1064
56x19,0.202566,1064
76x14,0.306226,1064
71x15,0.302396,1065
41x26,0.199587,1066
82x13,0.491316,1066
97x11,0.595757,1067
89x12,0.496809,1068
51x21,0.531073,1071
63x17,0.297644,1071
67x16,0.300481,1072
37x29,0.199816,1073
43x25,0.19965,1075
49x22,0.207584,1078
77x14,0.397237,1078
98x11,0.597457,1078
83x13,0.491891,1079
36x30,0.203042,1080
40x27,0.198974,1080
45x24,0.200224,1080
54x20,0.204111,1080
60x18,0.206111,1080
72x15,0.302538,1080
90x12,0.498579,1080
47x23,0.201064,1081
57x19,0.295318,1083
35x31,0.200447,1085
34x32,0.315791,1088
64x17,0.299648,1088
68x16,0.301304,1088
99x11,0.598154,1089
39x28,0.199469,1092
42x26,0.199658,1092
52x21,0.292265,1092
78x14,0.39799,1092
84x13,0.40405,1092
91x12,0.499656,1092
73x15,0.394735,1095
61x18,0.297758,1098
44x25,0.200226,1100
50x22,0.21587,1100
55x20,0.204535,1100
38x29,0.200547,1102
58x19,0.295698,1102
46x24,0.200835,1104
48x23,0.201721,1104
69x16,0.302627,1104
92x12,0.500896,1104
65x17,0.29984,1105
85x13,0.495379,1105
79x14,0.400683,1106
41x27,0.200522,1107
37x30,0.200426,1110
74x15,0.306529,1110
53x21,0.293966,1113
36x31,0.197433,1116
62x18,0.297382,1116
93x12,0.501911,1116
43x26,0.200613,1118
86x13,0.496577,1118
35x32,0.200734,1120
40x28,0.199589,1120
56x20,0.295447,1120
70x16,0.302885,1120
80x14,0.401986,1120
59x19,0.296506,1121
34x33,0.196852,1122
51x22,0.20299,1122
66x17,0.299645,1122
45x25,0.291053,1125
75x15,0.398514,1125
49x23,0.292345,1127
47x24,0.201835,1128
94x12,0.502848,1128
39x29,0.20109,1131
87x13,0.498301,1131
42x27,0.201295,1134
54x21,0.20442,1134
63x18,0.299806,1134
81x14,0.401229,1134
71x16,0.305388,1136
67x17,0.302082,1139
38x30,0.201589,1140
57x20,0.295955,1140
60x19,0.297358,1140
76x15,0.399358,1140
95x12,0.597097,1140
44x26,0.293587,1144
52x22,0.203438,1144
88x13,0.498358,1144
37x31,0.202008,1147
41x28,0.200894,1148
82x14,0.404234,1148
46x25,0.402572,1150
50x23,0.293043,1150
36x32,0.202331,1152
48x24,0.202454,1152
64x18,0.30053,1152
72x16,0.396235,1152
96x12,0.59601,1152
35x33,0.202291,1155
55x21,0.296393,1155
77x15,0.399441,1155
68x17,0.302499,1156
89x13,0.50101,1157
61x19,0.29825,1159
40x29,0.200979,1160
58x20,0.206822,1160
43x27,0.202408,1161
83x14,0.407066,1162
97x12,0.599785,1164
53x22,0.204652,1166
73x16,0.306612,1168
39x30,0.291611,1170
45x26,0.202539,1170
65x18,0.302155,1170
78x15,0.400564,1170
90x13,0.500235,1170
51x23,0.293484,1173
69x17,0.304238,1173
47x25,0.203728,1175
42x28,0.201945,1176
49x24,0.202746,1176
56x21,0.206655,1176
84x14,0.496606,1176
98x12,0.600368,1176
38x31,0.293035,1178
62x19,0.299258,1178
59x20,0.407906,1180
91x13,0.503087,1183
37x32,0.202607,1184
74x16,0.39887,1184
79x15,0.402594,1185
36x33,0.293264,1188
44x27,0.203709,1188
54x22,0.296079,1188
66x18,0.393811,1188
99x12,0.603957,1188
41x29,0.20166,1189
35x34,0.202837,1190
70x17,0.305217,1190
85x14,0.500976,1190
46x26,0.312679,1196
52x23,0.295159,1196
92x13,0.505113,1196
57x21,0.208217,1197
63x19,0.301122,1197
40x30,0.292116,1200
48x25,0.202839,1200
50x24,0.203229,1200
60x20,0.298893,1200
75x16,0.400666,1200
80x15,0.404486,1200
43x28,0.202387,1204
86x14,0.500587,1204
67x18,0.304965,1206
71x17,0.307405,1207
39x31,0.20265,1209
93x13,0.597668,1209
55x22,0.40224,1210
45x27,0.203468,1215
81x15,0.494369,1215
38x32,0.312647,1216
64x19,0.302392,1216
76x16,0.400785,1216
42x29,0.202993,1218
58x21,0.298695,1218
87x14,0.501688,1218
53x23,0.296847,1219
61x20,0.300112,1220
37x33,0.293765,1221
47x26,0.295041,1222
94x13,0.597637,1222
36x34,0.204939,1224
51x24,0.207944,1224
68x18,0.305376,1224
72x17,0.506549,1224
49x25,0.20445,1225
41x30,0.203512,1230
82x15,0.495989,1230
44x28,0.202623,1232
56x22,0.297531,1232
77x16,0.401859,1232
88x14,0.501476,1232
65x19,0.394071,1235
95x13,0.599822,1235
59x21,0.299367,1239
40x31,0.20235,1240
62x20,0.301488,1240
73x17,0.399689,1241
46x27,0.203676,1242
54x23,0.406966,1242
69x18,0.396693,1242
83x15,0.498376,1245
89x14,0.50359,1246
43x29,0.293777,1247
39x32,0.203228,1248
48x26,0.295661,1248
52x24,0.205954,1248
78x16,0.402759,1248
96x13,0.600627,1248
50x25,0.295597,1250
38x33,0.295728,1254
57x22,0.299594,1254
66x19,0.303495,1254
37x34,0.203656,1258
74x17,0.400128,1258
36x35,0.29466,1260
42x30,0.294297,1260
45x28,0.295053,1260
60x21,0.300005,1260
63x20,0.301814,1260
70x18,0.397195,1260
84x15,0.500697,1260
90x14,0.504562,1260
97x13,0.603283,1261
79x16,0.49648,1264
55x23,0.208707,1265
47x27,0.205008,1269
41x31,0.294351,1271
53x24,0.206812,1272
67x19,0.395274,1273
49x26,0.295018,1274
91x14,0.597701,1274
98x13,0.693268,1274
51x25,0.296182,1275
75x17,0.492098,1275
85x15,0.501307,1275
44x29,0.294301,1276
58x22,0.300338,1276
71x18,0.398949,1278
40x32,0.204377,1280
64x20,0.303493,1280
80x16,0.496355,1280
61x21,0.302635,1281
39x33,0.294696,1287
99x13,0.698553,1287
46x28,0.296266,1288
56x23,0.299009,1288
92x14,0.59772,1288
43x30,0.204786,1290
86x15,0.50372,1290
38x34,0.204607,1292
68x19,0.39482,1292
76x17,0.493896,1292
37x35,0.300179,1295
48x27,0.205369,1296
54x24,0.40783,1296
72x18,0.399478,1296
81x16,0.408115,1296
59x22,0.300372,1298
50x26,0.207394,1300
52x25,0.296014,1300
65x20,0.304655,1300
42x31,0.204036,1302
62x21,0.30311,1302
93x14,0.60118,1302
45x29,0.20528,1305
87x15,0.595759,1305
77x17,0.404512,1309
57x23,0.299665,1311
69x19,0.398285,1311
41x32,0.301299,1312
82x16,0.501648,1312
73x18,0.491547,1314
47x28,0.295794,1316
94x14,0.601755,1316
40x33,0.295268,1320
44x30,0.205719,1320
55x24,0.298848,1320
60x22,0.412032,1320
66x20,0.39624,1320
88x15,0.596078,1320
49x27,0.206078,1323
63x21,0.304492,1323
53x25,0.298101,1325
39x34,0.206511,1326
51x26,0.297969,1326
78x17,0.496587,1326
83x16,0.500571,1328
38x35,0.295575,1330
70x19,0.398773,1330
95x14,0.605812,1330
37x36,0.299251,1332
74x18,0.403203,1332
43x31,0.296015,1333
46x29,0.296113,1334
58x23,0.30073,1334
89x15,0.506139,1335
67x20,0.397411,1340
61x22,0.393088,1342
79x17,0.498142,1343
42x32,0.296247,1344
48x28,0.300043,1344
56x24,0.30051,1344
64x21,0.394827,1344
84x16,0.502683,1344
96x14,0.695715,1344
71x19,0.399836,1349
45x30,0.297455,1350
50x27,0.297638,1350
54x25,0.300699,1350
75x18,0.404661,1350
90x15,0.599009,1350
52x26,0.297754,1352
41x33,0.296953,1353
59x23,0.302654,1357
97x14,0.698253,1358
40x34,0.20656,1360
68x20,0.399163,1360
80x17,0.499434,1360
85x16,0.592855,1360
47x29,0.296426,1363
44x31,0.296057,1364
62x22,0.303987,1364
39x35,0.298616,1365
65x21,0.397126,1365
91x15,0.603125,1365
38x36,0.207309,1368
57x24,0.301164,1368
72x19,0.402666,1368
76x18,0.405752,1368
49x28,0.297498,1372
98x14,0.607137,1372
55x25,0.392008,1375
43x32,0.297598,1376
86x16,0.597114,1376
51x27,0.298693,1377
81x17,0.701503,1377
53x26,0.299796,1378
46x30,0.207564,1380
60x23,0.39404,1380
69x20,0.399907,1380
92x15,0.602508,1380
42x33,0.206482,1386
63x22,0.395069,1386
66x21,0.308198,1386
77x18,0.49843,1386
99x14,0.700557,1386
73x19,0.403999,1387
48x29,0.299671,1392
58x24,0.393222,1392
87x16,0.506454,1392
41x34,0.206474,1394
82x17,0.502601,1394
45x31,0.298334,1395
93x15,0.696147,1395
40x35,0.29833,1400
50x28,0.298696,1400
56x25,0.301191,1400
70x20,0.400898,1400
61x23,0.305245,1403
39x36,0.298554,1404
52x27,0.300109,1404
54x26,0.300185,1404
78x18,0.499746,1404
38x37,0.300023,1406
74x19,0.495434,1406
67x21,0.399193,1407
44x32,0.29822,1408
64x22,0.306411,1408
88x16,0.600056,1408
47x30,0.208693,1410
94x15,0.696306,1410
83x17,0.596114,1411
59x24,0.302894,1416
43x33,0.299405,1419
71x20,0.40256,1420
49x29,0.297827,1421
79x18,0.500644,1422
89x16,0.60078,1424
57x25,0.397914,1425
75x19,0.496391,1425
95x15,0.699059,1425
46x31,0.298013,1426
62x23,0.395886,1426
42x34,0.298891,1428
51x28,0.299085,1428
68x21,0.400277,1428
84x17,0.597274,1428
55x26,0.632637,1430
65x22,0.398897,1430
53x27,0.300753,1431
41x35,0.299659,1435
40x36,0.298497,1440
45x32,0.306335,1440
48x30,0.297904,1440
60x24,0.304014,1440
72x20,0.404719,1440
80x18,0.501273,1440
90x16,0.601862,1440
96x15,0.701122,1440
39x37,0.397435,1443
76x19,0.49855,1444
85x17,0.508628,1445
63x23,0.400119,1449
69x21,0.402532,1449
50x29,0.299865,1450
58x25,0.305055,1450
44x33,0.300052,1452
66x22,0.399717,1452
97x15,0.701918,1455
52x28,0.30047,1456
56x26,0.301721,1456
91x16,0.693871,1456
47x31,0.299908,1457
54x27,0.302531,1458
81x18,0.503577,1458
73x20,0.4963,1460
43x34,0.299217,1462
86x17,0.600966,1462
77x19,0.499974,1463
61x24,0.39562,1464
42x35,0.299119,1470
49x30,0.410308,1470
70x21,0.402933,1470
98x15,0.793967,1470
46x32,0.398082,1472
64x23,0.399008,1472
92x16,0.695743,1472
67x22,0.514493,1474
59x25,0.395774,1475
41x36,0.29957,1476
82x18,0.595096,1476
51x29,0.300205,1479
87x17,0.600531,1479
40x37,0.300458,1480
74x20,0.497354,1480
39x38,0.301727,1482
57x26,0.394414,1482
78x19,0.502933,1482
53x28,0.395905,1484
45x33,0.29971,1485
55x27,0.30463,1485
99x15,0.798395,1485
48x31,0.299724,1488
62x24,0.398004,1488
93x16,0.700724,1488
71x21,0.494987,1491
83x18,0.507026,1494
65x23,0.509439,1495
44x34,0.299793,1496
68x22,0.402579,1496
88x17,0.601857,1496
50x30,0.300842,1500
60x25,0.395046,1500
75x20,0.501702,1500
79x19,0.503776,1501
47x32,0.395188,1504
94x16,0.700397,1504
43x35,0.299842,1505
52x29,0.303154,1508
58x26,0.39577,1508
42x36,0.300813,1512
54x28,0.303508,1512
56x27,0.394156,1512
63x24,0.398795,1512
72x21,0.495767,1512
84x18,0.598942,1512
89x17,0.69528,1513
41x37,0.301495,1517
46x33,0.301586,1518
66x23,0.491344,1518
69x22,0.475058,1518
49x31,0.301452,1519
40x38,0.300884,1520
76x20,0.500802,1520
80x19,0.594125,1520
95x16,0.702724,1520
61x25,0.30671,1525
45x34,0.503388,1530
51x30,0.301376,1530
85x18,0.600798,1530
90x17,0.698598,1530
73x21,0.499524,1533
59x26,0.307342,1534
48x32,0.302535,1536
64x24,0.40043,1536
96x16,0.704218,1536
53x29,0.414428,1537
57x27,0.305247,1539
81x19,0.595779,1539
44x35,0.301474,1540
55x28,0.394534,1540
70x22,0.496403,1540
77x20,0.501128,1540
67x23,0.40409,1541
91x17,0.699624,1547
43x36,0.303419,1548
86x18,0.693574,1548
50x31,0.302181,1550
62x25,0.398364,1550
47x33,0.301532,1551
97x16,0.797022,1552
42x37,0.39241,1554
74x21,0.499732,1554
41x38,0.392613,1558
82x19,0.508782,1558
40x39,0.393372,1560
52x30,0.303332,1560
60x26,0.306746,1560
65x24,0.401662,1560
78x20,0.594019,1560
71x22,0.497253,1562
46x34,0.302248,1564
68x23,0.494549,1564
92x17,0.700592,1564
54x29,0.395073,1566
58x27,0.30572,1566
87x18,0.696263,1566
49x32,0.303089,1568
56x28,0.30536,1568
98x16,0.707105,1568
45x35,0.302147,1575
63x25,0.400684,1575
75x21,0.502866,1575
83x19,0.691765,1577
79x20,0.599058,1580
51x31,0.304179,1581
93x17,0.703056,1581
44x36,0.302984,1584
48x33,0.392977,1584
66x24,0.404031,1584
72x22,0.497725,1584
88x18,0.696625,1584
99x16,0.802329,1584
61x26,0.39926,1586
69x23,0.405991,1587
53x30,0.394658,1590
43x37,0.303356,1591
59x27,0.601854,1593
55x29,0.305702,1595
42x38,0.303977,1596
57x28,0.396763,1596
76x21,0.703552,1596
84x19,0.6031,1596
47x34,0.302894,1598
94x17,0.795298,1598
41x39,0.304985,1599
50x32,0.503961,1600
64x25,0.491247,1600
80x20,0.507226,1600
89x18,0.700097,1602
73x22,0.503365,1606
67x24,0.495396,1608
46x35,0.394122,1610
70x23,0.608429,1610
52x31,0.395058,1612
62x26,0.509559,1612
85x19,0.693621,1615
95x17,0.797253,1615
49x33,0.393822,1617
77x21,0.593921,1617
45x36,0.303066,1620
54x30,0.305939,1620
60x27,0.398909,1620
81x20,0.599346,1620
90x18,0.700637,1620
56x29,0.396272,1624
58x28,0.398643,1624
65x25,0.40437,1625
44x37,0.302016,1628
74x22,0.502757,1628
48x34,0.303684,1632
51x32,0.398495,1632
68x24,0.405778,1632
96x17,0.798236,1632
71x23,0.499097,1633
43x38,0.394979,1634
86x19,0.715205,1634
42x39,0.305003,1638
63x26,0.401624,1638
78x21,0.616223,1638
91x18,0.703606,1638
41x40,0.30341,1640
82x20,0.690855,1640
53x31,0.306632,1643
47x35,0.394535,1645
61x27,0.400555,1647
97x17,0.801387,1649
50x33,0.304754,1650
55x30,0.397049,1650
66x25,0.403924,1650
75x22,0.593965,1650
59x28,0.399812,1652
57x29,0.398437,1653
87x19,0.701597,1653
46x36,0.305008,1656
69x24,0.498271,1656
72x23,0.498625,1656
92x18,0.704531,1656
79x21,0.597034,1659
83x20,0.710438,1660
52x32,0.306408,1664
64x26,0.402726,1664
45x37,0.396328,1665
49x34,0.305498,1666
98x17,0.892602,1666
44x38,0.306746,1672
76x22,0.50679,1672
88x19,0.698977,1672
54x31,0.398285,1674
62x27,0.401533,1674
93x18,0.799566,1674
67x25,0.496818,1675
43x39,0.307006,1677
73x23,0.503106,1679
42x40,0.39706,1680
48x35,0.304984,1680
56x30,0.399269,1680
60x28,0.399542,1680
70x24,0.498379,1680
80x21,0.598884,1680
84x20,0.696177,1680
58x29,0.398403,1682
51x33,0.39619,1683
99x17,0.895759,1683
65x26,0.494624,1690
89x19,0.702133,1691
47x36,0.305274,1692
94x18,0.800678,1692
77x22,0.710303,1694
53x32,0.397473,1696
50x34,0.395791,1700
68x25,0.49875,1700
85x20,0.697262,1700
63x27,0.403956,1701
81x21,0.712703,1701
46x37,0.507045,1702
74x23,0.596058,1702
71x24,0.501101,1704
55x31,0.39893,1705
61x28,0.401953,1708
45x38,0.306604,1710
57x30,0.400161,1710
90x19,0.704422,1710
95x18,0.803685,1710
59x29,0.401899,1711
49x35,0.397846,1715
44x39,0.396573,1716
52x33,0.39776,1716
66x26,0.496653,1716
78x22,0.599046,1716
43x40,0.397538,1720
86x20,0.699894,1720
42x41,0.398578,1722
82x21,0.603915,1722
69x25,0.498766,1725
75x23,0.50676,1725
48x36,0.397632,1728
54x32,0.398569,1728
64x27,0.404872,1728
72x24,0.613637,1728
96x18,0.894434,1728
91x19,0.796625,1729
51x34,0.398033,1734
56x31,0.404187,1736
62x28,0.403495,1736
79x22,0.600481,1738
47x37,0.397165,1739
58x30,0.400624,1740
60x29,0.4014,1740
87x20,0.701699,1740
67x26,0.408199,1742
83x21,0.697862,1743
97x18,0.899217,1746
46x38,0.397573,1748
76x23,0.712292,1748
92x19,0.796767,1748
53x33,0.398682,1749
50x35,0.397728,1750
70x25,0.5016,1750
73x24,0.595599,1752
45x39,0.398985,1755
65x27,0.497952,1755
44x40,0.399268,1760
55x32,0.399752,1760
80x22,0.693163,1760
88x20,0.70426,1760
43x41,0.400176,1763
49x36,0.398514,1764
63x28,0.495546,1764
84x21,0.607945,1764
98x18,0.807174,1764
57x31,0.400812,1767
93x19,0.804121,1767
52x34,0.398975,1768
68x26,0.500582,1768
61x29,0.49329,1769
59x30,0.401889,1770
77x23,0.601086,1771
71x25,0.502782,1775
48x37,0.399353,1776
74x24,0.507638,1776
89x20,0.79594,1780
54x33,0.730817,1782
66x27,0.499573,1782
81x22,0.605308,1782
99x18,0.901481,1782
51x35,0.308038,1785
85x21,0.701279,1785
47x38,0.398492,1786
94x19,0.803107,1786
56x32,0.491818,1792
64x28,0.497681,1792
46x39,0.399661,1794
69x26,0.501787,1794
78x23,0.601429,1794
58x31,0.502163,1798
62x29,0.495348,1798
45x40,0.509648,1800
50x36,0.399541,1800
60x30,0.492931,1800
72x25,0.595673,1800
75x24,0.599542,1800
90x20,0.795609,1800
53x34,0.401094,1802
44x41,0.399543,1804
82x22,0.695899,1804
95x19,0.896476,1805
43x42,0.401591,1806
86x21,0.701634,1806
67x27,0.499937,1809
49x37,0.400659,1813
55x33,0.405886,1815
79x23,0.602901,1817
52x35,0.399021,1820
65x28,0.408787,1820
70x26,0.502803,1820
91x20,0.800157,1820
48x38,0.400425,1824
57x32,0.402402,1824
76x24,0.600513,1824
96x19,0.807368,1824
73x25,0.598085,1825
83x22,0.698756,1826
63x29,0.49806,1827
87x21,0.795445,1827
59x31,0.405141,1829
61x30,0.405549,1830
47x39,0.40042,1833
51x36,0.400382,1836
54x34,0.40194,1836
68x27,0.500968,1836
46x40,0.401651,1840
80x23,0.605341,1840
92x20,0.801284,1840
97x19,0.901042,1843
45x41,0.731005,1845
71x26,0.61504,1846
44x42,0.401652,1848
56x33,0.40332,1848
66x28,0.499622,1848
77x24,0.602472,1848
84x22,0.791666,1848
88x21,0.796067,1848
50x37,0.511997,1850
74x25,0.690918,1850
53x35,0.402469,1855
58x32,0.404096,1856
64x29,0.498728,1856
60x31,0.40587,1860
62x30,0.40674,1860
93x20,0.895442,1860
49x38,0.401066,1862
98x19,0.993748,1862
69x27,0.503343,1863
81x23,0.698651,1863
89x21,0.79962,1869
55x34,0.404061,1870
85x22,0.704725,1870
48x39,0.401755,1872
52x36,0.501781,1872
72x26,0.506153,1872
78x24,0.694107,1872
75x25,0.60032,1875
67x28,0.591807,1876
47x40,0.402885,1880
94x20,0.897113,1880
57x33,0.49525,1881
99x19,0.905843,1881
65x29,0.500967,1885
46x41,0.402775,1886
82x23,0.69926,1886
51x37,0.492314,1887
59x32,0.495582,1888
45x42,0.492683,1890
54x35,0.494026,1890
63x30,0.497944,1890
70x27,0.595405,1890
90x21,0.800197,1890
61x31,0.49785,1891
44x43,0.40368,1892
86x22,0.797179,1892
79x24,0.697948,1896
73x26,0.601036,1898
50x38,0.4025,1900
76x25,0.69486,1900
95x20,0.896984,1900
56x34,0.404263,1904
68x28,0.605857,1904
53x36,0.494276,1908
83x23,0.702967,1909
49x39,0.49282,1911
91x21,0.803112,1911
58x33,0.495363,1914
66x29,0.611878,1914
87x22,0.797384,1914
71x27,0.597323,1917
48x40,0.494259,1920
60x32,0.500963,1920
64x30,0.50028,1920
80x24,0.699461,1920
96x20,0.901127,1920
62x31,0.592838,1922
52x37,0.40395,1924
74x26,0.601203,1924
55x35,0.496102,1925
77x25,0.60349,1925
47x41,0.49451,1927
46x42,0.494551,1932
69x28,0.598499,1932
84x23,0.705322,1932
92x21,0.89518,1932
45x43,0.515123,1935
88x22,0.799368,1936
51x38,0.402508,1938
57x34,0.406178,1938
97x20,0.904485,1940
67x29,0.504083,1943
54x36,0.404634,1944
72x27,0.599244,1944
81x24,0.700243,1944
59x33,0.497258,1947
50x39,0.404324,1950
65x30,0.592488,1950
75x26,0.694446,1950
78x25,0.606779,1950
61x32,0.499385,1952
63x31,0.501588,1953
93x21,0.899702,1953
85x23,0.796965,1955
89x22,0.803957,1958
49x40,0.404738,1960
56x35,0.497729,1960
70x28,0.507001,1960
98x20,0.997877,1960
53x37,0.405493,1961
48x41,0.405174,1968
82x24,0.703578,1968
73x27,0.60221,1971
58x34,0.406363,1972
68x29,0.595601,1972
47x42,0.497559,1974
94x21,0.902722,1974
79x25,0.69919,1975
52x38,0.494651,1976
76x26,0.60481,1976
46x43,0.407003,1978
86x23,0.799815,1978
45x44,0.496023,1980
55x36,0.405312,1980
60x33,0.499183,1980
66x30,0.503791,1980
90x22,0.802964,1980
99x20,1.00087,1980
62x32,0.500159,1984
64x31,0.502275,1984
71x28,0.598449,1988
51x39,0.403698,1989
83x24,0.704717,1992
57x35,0.498539,1995
95x21,0.903597,1995
54x37,0.49652,1998
74x27,0.605471,1998
50x40,0.495336,2000
80x25,0.701239,2000
69x29,0.596801,2001
87x23,0.802838,2001
77x26,0.697427,2002
91x22,0.896693,2002
59x34,0.498439,2006
49x41,0.498935,2009
67x30,0.595418,2010
61x33,0.500927,2013
53x38,0.497779,2014
65x31,0.50571,2015
48x42,0.497471,2016
56x36,0.497117,2016
63x32,0.502384,2016
72x28,0.600944,2016
84x24,0.796892,2016
96x21,0.997022,2016
47x43,0.407723,2021
46x44,0.497135,2024
88x23,0.80296,2024
92x22,0.807409,2024
75x27,0.606125,2025
81x25,0.793356,2025
52x39,0.406096,2028
78x26,0.698519,2028
58x35,0.499607,2030
70x29,0.50946,2030
55x37,0.500598,2035
97x21,0.999955,2037
51x40,0.496712,2040
60x34,0.500119,2040
68x30,0.596931,2040
85x24,0.800351,2040
73x28,0.604077,2044
62x33,0.503114,2046
66x31,0.598854,2046
93x22,0.904191,2046
89x23,0.911977,2047
64x32,0.598265,2048
50x41,0.498413,2050
82x25,0.705144,2050
54x38,0.497834,2052
57x36,0.500786,2052
76x27,0.697984,2052
79x26,0.702788,2054
49x42,0.499124,2058
98x21,1.0014,2058
71x29,0.603892,2059
48x43,0.498928,2064
86x24,0.801687,2064
59x35,0.611585,2065
53x39,0.499439,2067
47x44,0.497447,2068
94x22,0.994836,2068
46x45,0.499103,2070
69x30,0.598798,2070
90x23,0.898082,2070
56x37,0.49981,2072
74x28,0.694344,2072
61x34,0.59842,2074
83x25,0.799086,2075
67x31,0.598699,2077
63x33,0.503641,2079
77x27,0.699758,2079
99x21,1.09561,2079
52x40,0.49932,2080
65x32,0.595998,2080
80x26,0.793191,2080
58x36,0.592678,2088
72x29,0.694025,2088
87x24,0.897214,2088
55x38,0.499942,2090
95x22,0.998569,2090
51x41,0.501068,2091
91x23,0.900855,2093
50x42,0.503131,2100
60x35,0.592695,2100
70x30,0.691908,2100
75x28,0.697763,2100
84x25,0.807173,2100
54x39,0.500477,2106
78x27,0.794231,2106
81x26,0.705362,2106
49x43,0.498822,2107
62x34,0.613989,2108
68x31,0.599253,2108
57x37,0.50252,2109
48x44,0.500464,2112
64x33,0.596703,2112
66x32,0.597333,2112
88x24,0.895601,2112
96x22,1.00004,2112
47x45,0.50286,2115
92x23,0.994422,2116
73x29,0.696627,2117
53x40,0.499768,2120
59x36,0.504331,2124
85x25,0.803218,2125
56x38,0.501832,2128
76x28,0.698248,2128
71x30,0.694198,2130
52x41,0.501601,2132
82x26,0.799699,2132
79x27,0.70497,2133
97x22,1.09392,2134
61x35,0.595238,2135
89x24,0.899943,2136
69x31,0.711482,2139
93x23,1.00183,2139
51x42,0.50056,2142
63x34,0.596455,2142
67x32,0.509513,2144
55x39,0.502484,2145
65x33,0.602534,2145
58x37,0.503738,2146
74x29,0.607843,2146
50x43,0.50058,2150
86x25,0.894107,2150
49x44,0.502173,2156
77x28,0.702863,2156
98x22,1.00254,2156
83x26,0.893173,2158
48x45,0.504936,2160
54x40,0.501913,2160
60x36,0.504393,2160
72x30,0.605673,2160
80x27,0.704688,2160
90x24,0.900923,2160
47x46,0.595107,2162
94x23,1.00056,2162
57x38,0.715797,2166
62x35,0.595559,2170
70x31,0.60409,2170
53x41,0.501926,2173
75x29,0.700225,2175
87x25,0.899981,2175
64x34,0.598575,2176
68x32,0.601744,2176
66x33,0.599963,2178
99x22,1.09764,2178
59x37,0.710871,2183
52x42,0.502111,2184
56x39,0.595395,2184
78x28,0.704103,2184
84x26,0.803628,2184
91x24,0.902712,2184
95x23,1.00242,2185
81x27,0.798614,2187
73x30,0.699909,2190
51x43,0.502377,2193
61x36,0.506827,2196
50x44,0.593376,2200
55x40,0.593576,2200
88x25,0.808619,2200
71x31,0.604916,2201
58x38,0.503961,2204
76x29,0.701635,2204
49x45,0.504674,2205
63x35,0.59808,2205
48x46,0.590245,2208
69x32,0.604141,2208
92x24,0.997469,2208
96x23,1.00411,2208
65x34,0.600976,2210
85x26,0.897061,2210
67x33,0.692448,2211
79x28,0.796243,2212
54x41,0.505623,2214
82x27,0.800344,2214
60x37,0.504623,2220
74x30,0.69966,2220
57x39,0.604911,2223
89x25,0.994658,2225
53x42,0.593575,2226
97x23,1.10115,2231
62x36,0.598655,2232
72x31,0.69853,2232
93x24,1.094,2232
77x29,0.796709,2233
52x43,0.598238,2236
86x26,0.807611,2236
56x40,0.503445,2240
64x35,0.600472,2240
70x32,0.696267,2240
80x28,0.800345,2240
83x27,0.804106,2241
59x38,0.596689,2242
51x44,0.594299,2244
66x34,0.601086,2244
68x33,0.604772,2244
50x45,0.503747,2250
75x30,0.703291,2250
90x25,0.992888,2250
49x46,0.596747,2254
98x23,1.09792,2254
55x41,0.506955,2255
48x47,0.506268,2256
94x24,1.00354,2256
61x37,0.599375,2257
58x39,0.708322,2262
78x29,0.797312,2262
87x26,0.903201,2262
73x31,0.700912,2263
54x42,0.596669,2268
63x36,0.59982,2268
81x28,0.803639,2268
84x27,0.898925,2268
71x32,0.699474,2272
65x35,0.692413,2275
91x25,0.997534,2275
69x33,0.696243,2277
99x23,1.104,2277
67x34,0.60462,2278
53x43,0.506055,2279
57x40,0.595927,2280
60x38,0.597057,2280
76x30,0.794951,2280
95x24,1.09691,2280
52x44,0.599182,2288
88x26,0.994657,2288
79x29,0.799864,2291
62x37,0.601067,2294
74x31,0.79353,2294
51x45,0.506462,2295
85x27,0.900317,2295
56x41,0.505901,2296
82x28,0.894737,2296
50x46,0.596063,2300
92x25,1.00213,2300
59x39,0.508234,2301
49x47,0.5998,2303
64x36,0.601845,2304
72x32,0.700182,2304
96x24,1.0987,2304
55x42,0.596941,2310
66x35,0.695766,2310
70x33,0.607585,2310
77x30,0.799107,2310
68x34,0.696495,2312
89x26,1.10871,2314
61x38,0.599329,2318
58x40,0.598726,2320
80x29,0.802118,2320
54x43,0.603021,2322
86x27,0.992005,2322
83x28,0.898359,2324
75x31,0.796865,2325
93x25,1.00628,2325
97x24,1.10193,2328
63x37,0.601274,2331
53x44,0.697948,2332
73x32,0.794537,2336
57x41,0.599218,2337
52x45,0.596036,2340
60x39,0.600421,2340
65x36,0.602864,2340
78x30,0.799125,2340
90x26,0.906744,2340
71x33,0.699879,2343
67x35,0.697414,2345
51x46,0.508991,2346
69x34,0.698117,2346
81x29,0.89243,2349
87x27,0.996092,2349
50x47,0.508387,2350
94x25,1.09703,2350
49x48,0.603967,2352
56x42,0.595908,2352
84x28,0.900352,2352
98x24,1.1044,2352
62x38,0.602477,2356
76x31,0.797743,2356
59x40,0.69154,2360
55x43,0.599856,2365
91x26,1.00225,2366
64x37,0.603119,2368
74x32,0.706068,2368
79x30,0.803763,2370
95x25,1.10444,2375
54x44,0.599498,2376
66x36,0.606613,2376
72x33,0.702678,2376
88x27,0.905471,2376
99x24,1.19846,2376
58x41,0.610195,2378
82x29,0.895704,2378
61x39,0.601179,2379
68x35,0.69836,2380
70x34,0.700295,2380
85x28,0.997557,2380
53x45,0.601928,2385
77x31,0.800763,2387
52x46,0.59978,2392
92x26,1.00272,2392
57x42,0.601099,2394
63x38,0.603989,2394
51x47,0.691138,2397
50x48,0.800909,2400
60x40,0.601537,2400
75x32,0.797319,2400
80x30,0.896888,2400
96x25,1.19398,2400
89x27,1.0098,2403
65x37,0.696934,2405
83x29,0.900607,2407
56x43,0.602218,2408
86x28,0.904918,2408
73x33,0.705424,2409
67x36,0.697164,2412
71x34,0.79275,2414
69x35,0.699331,2415
62x39,0.694448,2418
78x31,0.800538,2418
93x26,1.20995,2418
59x41,0.602923,2419
55x44,0.602643,2420
97x25,1.19663,2425
54x45,0.69193,2430
81x30,0.805736,2430
90x27,1.09263,2430
64x38,0.696577,2432
76x32,0.799761,2432
58x42,0.692044,2436
84x29,0.992343,2436
87x28,0.908952,2436
53x46,0.603308,2438
61x40,0.695019,2440
66x37,0.696537,2442
74x33,0.796839,2442
52x47,0.710463,2444
94x26,1.10082,2444
51x48,0.603729,2448
68x36,0.698987,2448
72x34,0.792678,2448
79x31,0.897439,2449
50x49,0.604114,2450
70x35,0.792316,2450
98x25,1.19674,2450
57x43,0.712904,2451
63x39,0.697569,2457
91x27,1.09687,2457
60x41,0.694543,2460
82x30,0.901556,2460
56x44,0.692236,2464
77x32,0.89438,2464
88x28,0.997426,2464
85x29,0.907818,2465
65x38,0.607501,2470
95x26,1.19312,2470
55x45,0.693813,2475
75x33,0.801595,2475
99x25,1.20318,2475
59x42,0.605373,2478
67x37,0.810602,2479
62x40,0.699126,2480
80x31,0.896877,2480
73x34,0.797946,2482
54x46,0.714288,2484
69x36,0.703592,2484
92x27,1.09897,2484
71x35,0.705416,2485
83x30,0.902905,2490
53x47,0.696469,2491
89x28,1.09593,2492
58x43,0.604393,2494
86x29,1.10603,2494
52x48,0.603297,2496
64x39,0.698331,2496
78x32,0.91378,2496
96x26,1.19839,2496
51x49,0.604337,2499
61x41,0.605565,2501
57x44,0.696621,2508
66x38,0.701129,2508
76x33,0.804416,2508
81x31,0.899033,2511
93x27,1.30406,2511
68x37,0.704078,2516
74x34,0.909006,2516
56x45,0.604345,2520
60x42,0.60491,2520
63x40,0.69855,2520
70x36,0.705856,2520
72x35,0.70675,2520
84x30,0.906941,2520
90x28,1.00621,2520
97x26,1.20292,2522
87x29,1.09215,2523
79x32,0.898097,2528
55x46,0.698256,2530
65x39,0.699944,2535
59x43,0.696359,2537
54x47,0.698439,2538
94x27,1.10505,2538
77x33,0.805914,2541
62x41,0.607835,2542
82x31,0.911185,2542
53x48,0.698592,2544
67x38,0.703736,2546
52x49,0.699066,2548
91x28,1.10123,2548
98x26,1.20237,2548
51x50,0.698278,2550
75x34,0.802801,2550
85x30,0.999256,2550
58x44,0.696131,2552
88x29,1.09321,2552
69x37,0.795157,2553
73x35,0.79901,2555
71x36,0.796238,2556
64x40,0.700401,2560
80x32,0.900041,2560
61x42,0.697608,2562
57x45,0.702688,2565
95x27,1.19977,2565
83x31,0.994784,2573
66x39,0.702916,2574
78x33,0.897975,2574
99x26,1.29957,2574
56x46,0.696244,2576
92x28,1.10269,2576
60x43,0.697697,2580
86x30,1.00241,2580
89x29,1.09929,2581
63x41,0.811529,2583
68x38,0.794678,2584
76x34,0.803959,2584
55x47,0.699705,2585
70x37,0.797232,2590
74x35,0.802919,2590
54x48,0.699605,2592
72x36,0.800206,2592
81x32,0.902593,2592
96x27,1.20121,2592
59x44,0.70044,2596
53x49,0.700801,2597
52x50,0.698414,2600
65x40,0.793117,2600
62x42,0.700121,2604
84x31,1.0004,2604
93x28,1.10526,2604
79x33,0.901736,2607
58x45,0.700477,2610
87x30,1.00827,2610
90x29,1.10057,2610
67x39,0.800636,2613
77x34,0.899011,2618
97x27,1.20537,2619
57x46,0.699999,2622
69x38,0.706901,2622
61x43,0.69965,2623
64x41,0.70375,2624
82x32,0.995686,2624
75x35,0.896509,2625
71x37,0.800006,2627
73x36,0.802968,2628
56x47,0.702979,2632
94x28,1.19979,2632
85x31,1.09436,2635
91x29,1.19397,2639
55x48,0.700164,2640
60x44,0.700495,2640
66x40,0.7951,2640
80x33,0.902252,2640
88x30,1.00831,2640
54x49,0.701304,2646
63x42,0.703395,2646
98x27,1.29589,2646
53x50,0.702141,2650
52x51,0.702131,2652
68x39,0.706076,2652
78x34,0.900309,2652
59x45,1.01715,2655
83x32,1.001,2656
70x38,0.802992,2660
76x35,0.896663,2660
95x28,1.20695,2660
72x37,0.800855,2664
74x36,0.895923,2664
65x41,0.705928,2665
62x43,0.793128,2666
86x31,1.09753,2666
58x46,0.700691,2668
92x29,1.19475,2668
89x30,1.10007,2670
81x33,0.996346,2673
99x27,1.39206,2673
57x47,0.793458,2679
67x40,0.795978,2680
61x44,0.70199,2684
79x34,0.994146,2686
56x48,0.70321,2688
64x42,0.796727,2688
84x32,1.09242,2688
96x28,1.20502,2688
69x39,0.79963,2691
55x49,0.703086,2695
77x35,0.995969,2695
87x31,1.09898,2697
93x29,1.29282,2697
71x38,0.802117,2698
54x50,0.798158,2700
60x45,0.703347,2700
75x36,0.899015,2700
90x30,1.10158,2700
73x37,0.900665,2701
53x51,0.924261,2703
66x41,0.798493,2706
82x33,0.999277,2706
63x43,0.795169,2709
59x46,0.704326,2714
97x28,1.39179,2716
68x40,0.799659,2720
80x34,0.906252,2720
85x32,1.00563,2720
58x47,0.702808,2726
94x29,1.2941,2726
62x44,0.705082,2728
88x31,1.19459,2728
65x42,0.79847,2730
70x39,0.892027,2730
78x35,0.902673,2730
91x30,1.10632,2730
57x48,0.704341,2736
72x38,0.892976,2736
76x36,0.900838,2736
74x37,0.899069,2738
83x33,1.00416,2739
56x49,1.09307,2744
98x28,1.30218,2744
61x45,0.795399,2745
67x41,0.800708,2747
55x50,0.800742,2750
64x43,0.70746,2752
86x32,1.09816,2752
54x51,0.706826,2754
81x34,1.10208,2754
95x29,1.29902,2755
53x52,0.794787,2756
89x31,1.10514,2759
60x46,0.90337,2760
69x40,0.801822,2760
92x30,1.20044,2760
79x35,0.904919,2765
71x39,0.896623,2769
63x44,0.797741,2772
66x42,0.799404,2772
77x36,1.01397,2772
84x33,1.00534,2772
99x28,1.30477,2772
59x47,0.796043,2773
73x38,0.89597,2774
75x37,0.902072,2775
58x48,0.796451,2784
87x32,1.1937,2784
96x29,1.30011,2784
68x41,0.802064,2788
82x34,1.0034,2788
62x45,0.799083,2790
90x31,1.19553,2790
93x30,1.2061,2790
57x49,0.797541,2793
65x43,0.800255,2795
56x50,0.706194,2800
70x40,0.803853,2800
80x35,0.999261,2800
55x51,0.797159,2805
85x33,1.09853,2805
61x46,0.706207,2806
54x52,0.892137,2808
72x39,0.805576,2808
78x36,0.995118,2808
74x38,0.903107,2812
76x37,0.903206,2812
97x29,1.30494,2813
67x42,0.801283,2814
64x44,0.800394,2816
88x32,1.10327,2816
60x47,0.706268,2820
94x30,1.20652,2820
91x31,1.20134,2821
83x34,1.09866,2822
69x41,0.895242,2829
59x48,0.799373,2832
63x45,0.800529,2835
81x35,1.104,2835
66x43,0.803299,2838
86x33,1.21312,2838
71x40,0.905397,2840
58x49,0.799998,2842
98x29,1.397,2842
79x36,1.00131,2844
73x39,0.9006,2847
89x32,1.1988,2848
77x37,0.997346,2849
57x50,0.799772,2850
75x38,0.903538,2850
95x30,1.30196,2850
62x46,0.910884,2852
92x31,1.20362,2852
56x51,0.801221,2856
68x42,0.895888,2856
84x34,1.09756,2856
55x52,0.80082,2860
65x44,0.893713,2860
54x53,1.12387,2862
61x47,0.910972,2867
70x41,0.896723,2870
82x35,1.09526,2870
87x33,1.19856,2871
99x29,1.40243,2871
60x48,0.895468,2880
64x45,0.892672,2880
72x40,0.900278,2880
80x36,1.09228,2880
90x32,1.19941,2880
96x30,1.39613,2880
67x43,0.896634,2881
93x31,1.30055,2883
74x39,0.903443,2886
78x37,0.997669,2886
76x38,0.909687,2888
85x34,1.19233,2890
59x49,0.800166,2891
63x46,0.806055,2898
69x42,0.900922,2898
58x50,0.801378,2900
66x44,0.89572,2904
88x33,1.19885,2904
83x35,1.10024,2905
57x51,0.802861,2907
97x30,1.39881,2910
71x41,0.900626,2911
56x52,1.00203,2912
91x32,1.29531,2912
62x47,0.894054,2914
94x31,1.29903,2914
55x53,1.02802,2915
81x36,1.0047,2916
73x40,0.90363,2920
79x37,1.09326,2923
68x43,1.11585,2924
86x34,1.19709,2924
65x45,0.807454,2925
75x39,0.996052,2925
77x38,0.999739,2926
61x48,0.892404,2928
89x33,1.29232,2937
60x49,0.803789,2940
70x42,0.808612,2940
84x35,1.10508,2940
98x30,1.40001,2940
64x46,0.89904,2944
92x32,1.29712,2944
95x31,1.39805,2945
67x44,0.808097,2948
59x50,0.803033,2950
72x41,0.991925,2952
82x36,1.0999,2952
58x51,0.895472,2958
87x34,1.20015,2958
74x40,1.10451,2960
80x37,1.10679,2960
63x47,0.896373,2961
57x52,0.896548,2964
76x39,1.00069,2964
78x38,1.00893,2964
69x43,0.898889,2967
56x53,0.807262,2968
55x54,1.13593,2970
66x45,0.900603,2970
90x33,1.20289,2970
99x30,1.49733,2970
85x35,1.10573,2975
62x48,0.805167,2976
93x32,1.39632,2976
96x31,1.39701,2976
71x42,0.90619,2982
83x36,1.10433,2988
61x49,0.899438,2989
65x46,0.897749,2990
68x44,0.899517,2992
88x34,1.20344,2992
73x41,0.99692,2993
81x37,1.0987,2997
60x50,0.896596,3000
75x40,1.10923,3000
79x38,1.00691,3002
77x39,1.00176,3003
91x33,1.29977,3003
97x31,1.40494,3007
64x47,0.807972,3008
94x32,1.39474,3008
59x51,0.896115,3009
70x43,0.992248,3010
86x35,1.20105,3010
67x45,0.899927,3015
58x52,0.916796,3016
57x53,0.898157,3021
56x54,0.899025,3024
63x48,0.89902,3024
72x42,0.908745,3024
84x36,1.19641,3024
89x34,1.20546,3026
74x41,0.996659,3034
82x37,1.09974,3034
66x46,0.900747,3036
69x44,0.904519,3036
92x33,1.30244,3036
62x49,0.89866,3038
98x31,1.40487,3038
76x40,1.11009,3040
80x38,1.00744,3040
95x32,1.39963,3040
78x39,1.00385,3042
87x35,1.20296,3045
61x50,0.807649,3050
71x43,0.996849,3053
65x47,0.904247,3055
60x51,1.11887,3060
68x45,0.90357,3060
85x36,1.19915,3060
90x34,1.29715,3060
73x42,0.999724,3066
59x52,0.898008,3068
93x33,1.39754,3069
99x31,1.50196,3069
83x37,1.19597,3071
64x48,0.998789,3072
96x32,1.40336,3072
58x53,1.10485,3074
75x41,1.00377,3075
57x54,0.90096,3078
81x38,1.10252,3078
56x55,0.902706,3080
70x44,0.902844,3080
77x40,1.00512,3080
88x35,1.29489,3080
79x39,1.09798,3081
67x46,0.993853,3082
63x49,0.902154,3087
91x34,1.30165,3094
72x43,0.995274,3096
86x36,1.20227,3096
62x50,0.900079,3100
66x47,0.902938,3102
94x33,1.39999,3102
97x32,1.40982,3104
69x45,0.998327,3105
74x42,1.00167,3108
84x37,1.19833,3108
61x51,0.992063,3111
89x35,1.29905,3115
76x41,1.00523,3116
82x38,1.10367,3116
60x52,0.902277,3120
65x48,0.992638,3120
78x40,1.09739,3120
80x39,1.10043,3120
71x44,1.00035,3124
59x53,0.899381,3127
68x46,0.9957,3128
92x34,1.39543,3128
58x54,0.910201,3132
87x36,1.40736,3132
57x55,0.902686,3135
95x33,1.49581,3135
64x49,1.01353,3136
98x32,1.49908,3136
73x43,1.00205,3139
85x37,1.20439,3145
67x47,0.905113,3149
63x50,0.993918,3150
70x45,0.997357,3150
75x42,1.09499,3150
90x35,1.30349,3150
83x38,1.30674,3154
77x41,1.00705,3157
81x39,1.21241,3159
79x40,1.10064,3160
62x51,0.904749,3162
93x34,1.40211,3162
66x48,0.994899,3168
72x44,1.00036,3168
88x36,1.29871,3168
96x33,1.4989,3168
99x32,1.59412,3168
61x52,0.904747,3172
69x46,0.997596,3174
60x53,0.904933,3180
74x43,1.00383,3182
86x37,1.29629,3182
65x49,0.907172,3185
91x35,1.49666,3185
59x54,0.906346,3186
58x55,0.997503,3190
57x56,0.999445,3192
76x42,1.09991,3192
84x38,1.2032,3192
71x45,1.00195,3195
68x47,1.10964,3196
94x34,1.40442,3196
78x41,1.10114,3198
82x39,1.19864,3198
64x50,0.997943,3200
80x40,1.19617,3200
97x33,1.50265,3201
89x36,1.41346,3204
73x44,1.09638,3212
63x51,0.908716,3213
67x48,0.998431,3216
87x37,1.3007,3219
70x46,1.00013,3220
92x35,1.39998,3220
62x52,0.997502,3224
75x43,1.09804,3225
85x38,1.40763,3230
95x34,1.49849,3230
61x53,0.997554,3233
66x49,0.908367,3234
77x42,1.10249,3234
98x33,1.59784,3234
83x39,1.20053,3237
79x41,1.19625,3239
60x54,0.99814,3240
72x45,1.00497,3240
81x40,1.10657,3240
90x36,1.39615,3240
69x47,1.00024,3243
59x55,0.998801,3245
58x56,0.998596,3248
65x50,0.997237,3250
93x35,1.49701,3255
74x44,1.09605,3256
88x37,1.30324,3256
64x51,1.00048,3264
68x48,1.00113,3264
96x34,1.50071,3264
71x46,1.09385,3266
99x33,1.60158,3267
76x43,1.10079,3268
86x38,1.29881,3268
63x52,0.999473,3276
78x42,1.19368,3276
84x39,1.29437,3276
91x36,1.30771,3276
80x41,1.19685,3280
82x40,1.20197,3280
67x49,1.00129,3283
73x45,1.09909,3285
62x53,1.00267,3286
70x47,1.00422,3290
94x35,1.49625,3290
89x37,1.39854,3293
61x54,1.00046,3294
97x34,1.50667,3298
60x55,1.2019,3300
66x50,1.09124,3300
75x44,1.09972,3300
59x56,1.00307,3304
58x57,1.10264,3306
87x38,1.30413,3306
77x43,1.19395,3311
69x48,1.00326,3312
72x46,1.08986,3312
92x36,1.40381,3312
65x51,1.20481,3315
85x39,1.30024,3315
79x42,1.20926,3318
83x40,1.20413,3320
81x41,1.20082,3321
95x35,1.50254,3325
64x52,1.09488,3328
74x45,1.10078,3330
90x37,1.39865,3330
68x49,1.00461,3332
98x34,1.59987,3332
71x47,1.09738,3337
63x53,1.20558,3339
76x44,1.10403,3344
88x38,1.39759,3344
62x54,1.09302,3348
93x36,1.40784,3348
67x50,1.20713,3350
78x43,1.19832,3354
86x39,1.30254,3354
61x55,1.00464,3355
73x46,1.10086,3358
60x56,1.00307,3360
70x48,1.09628,3360
80x42,1.20045,3360
84x40,1.29935,3360
96x35,1.59837,3360
82x41,1.29521,3362
59x57,1.09663,3363
66x51,1.00594,3366
99x34,1.60429,3366
91x37,1.5017,3367
75x45,1.10548,3375
65x52,1.00646,3380
69x49,1.09949,3381
89x38,1.40044,3382
72x47,1.00971,3384
94x36,1.5017,3384
77x44,1.10622,3388
64x53,1.11433,3392
87x39,1.39761,3393
97x35,1.6928,3395
79x43,1.20103,3397
68x50,1.09839,3400
85x40,1.39316,3400
63x54,1.09785,3402
81x42,1.29317,3402
83x41,1.30102,3403
74x46,1.10413,3404
92x37,1.49902,3404
71x48,1.00876,3408
62x55,1.006,3410
61x56,1.09768,3416
67x51,1.1001,3417
60x57,1.09785,3420
76x45,1.10791,3420
90x38,1.40443,3420
95x36,1.59637,3420
59x58,1.10085,3422
70x49,1.10134,3430
98x35,1.60523,3430
73x47,1.19832,3431
66x52,1.09756,3432
78x44,1.10843,3432
88x39,1.39986,3432
80x43,1.2034,3440
86x40,1.39816,3440
93x37,1.59335,3441
82x42,1.30134,3444
84x41,1.30229,3444
65x53,1.10021,3445
69x50,1.10242,3450
75x46,1.19771,3450
64x54,1.20861,3456
72x48,1.19493,3456
96x36,1.60058,3456
91x38,1.5932,3458
63x55,1.0996,3465
77x45,1.29499,3465
99x35,1.69961,3465
68x51,1.10039,3468
89x39,1.49474,3471
62x56,1.09999,3472
79x44,1.29365,3476
61x57,1.10356,3477
74x47,1.19776,3478
94x37,1.59884,3478
71x49,1.19408,3479
60x58,1.10543,3480
87x40,1.50345,3480
81x43,1.20795,3483
67x52,1.10312,3484
85x41,1.30719,3485
83x42,1.30053,3486
97x36,1.60646,3492
76x46,1.20013,3496
92x38,1.50401,3496
66x53,1.32078,3498
70x50,1.10266,3500
73x48,1.10789,3504
65x54,1.10077,3510
78x45,1.29304,3510
90x39,1.49611,3510
95x37,1.60375,3515
69x51,1.19198,3519
64x55,1.10421,3520
80x44,1.29554,3520
88x40,1.40213,3520
75x47,1.20286,3525
82x43,1.30177,3526
86x41,1.3078,3526
63x56,1.1026,3528
72x49,1.19585,3528
84x42,1.30502,3528
98x36,1.69754,3528
62x57,1.30584,3534
93x38,1.50742,3534
68x52,1.19805,3536
61x58,1.19354,3538
60x59,1.19616,3540
77x46,1.2052,3542
91x39,1.50598,3549
71x50,1.19754,3550
67x53,1.19571,3551
74x48,1.20246,3552
96x37,1.7071,3552
79x45,1.30106,3555
89x40,1.49941,3560
66x54,1.1049,3564
81x44,1.30117,3564
99x36,1.7924,3564
87x41,1.5156,3567
83x43,1.39699,3569
70x51,1.19412,3570
85x42,1.39954,3570
76x47,1.29575,3572
94x38,1.60108,3572
65x55,1.19532,3575
73x49,1.29226,3577
64x56,1.19793,3584
69x52,1.10736,3588
78x46,1.20361,3588
92x39,1.59626,3588
97x37,1.69951,3589
63x57,1.19927,3591
62x58,1.19705,3596
61x59,1.20283,3599
72x50,1.21801,3600
75x48,1.20241,3600
80x45,1.30029,3600
90x40,1.49875,3600
68x53,1.19781,3604
82x44,1.39423,3608
88x41,1.49703,3608
95x38,1.60389,3610
84x43,1.49305,3612
86x42,1.4922,3612
67x54,1.19796,3618
77x47,1.20809,3619
71x51,1.20358,3621
74x49,1.29395,3626
98x37,1.70211,3626
93x39,1.69204,3627
66x55,1.29241,3630
79x46,1.41189,3634
65x56,1.20178,3640
70x52,1.20052,3640
91x40,1.59529,3640
81x45,1.39586,3645
64x57,1.19906,3648
76x48,1.20267,3648
96x38,1.79847,3648
89x41,1.50066,3649
73x50,1.20472,3650
83x44,1.40146,3652
63x58,1.20129,3654
87x42,1.49969,3654
85x43,1.51264,3655
69x53,1.20038,3657
62x59,1.20101,3658
61x60,1.20115,3660
99x37,1.80094,3663
78x47,1.3035,3666
94x39,1.6959,3666
68x54,1.20113,3672
72x51,1.2947,3672
75x49,1.29904,3675
80x46,1.30415,3680
92x40,1.60395,3680
67x55,1.20254,3685
97x38,1.79758,3686
82x45,1.30849,3690
90x41,1.50309,3690
71x52,1.20364,3692
66x56,1.20003,3696
77x48,1.29884,3696
84x44,1.40291,3696
88x42,1.49955,3696
86x43,1.40638,3698
74x50,1.20486,3700
65x57,1.31364,3705
95x39,1.69987,3705
70x53,1.53316,3710
64x58,1.20453,3712
79x47,1.39565,3713
63x59,1.29574,3717
62x60,1.20427,3720
93x40,1.60671,3720
73x51,1.29835,3723
76x49,1.40853,3724
98x38,1.79849,3724
69x54,1.29417,3726
81x46,1.39958,3726
91x41,1.60222,3731
83x45,1.49299,3735
89x42,1.59727,3738
68x55,1.20253,3740
85x44,1.49917,3740
87x43,1.50251,3741
72x52,1.20577,3744
78x48,1.39121,3744
96x39,1.79437,3744
75x50,1.3001,3750
67x56,1.29401,3752
80x47,1.3959,3760
94x40,1.70087,3760
66x57,1.2059,3762
99x38,1.80407,3762
71x53,1.30048,3763
65x58,1.2972,3770
82x46,1.40059,3772
92x41,1.60213,3772
77x49,1.39478,3773
74x51,1.30076,3774
64x59,1.29642,3776
63x60,1.29969,3780
70x54,1.409,3780
84x45,1.4978,3780
90x42,1.59842,3780
62x61,1.29824,3782
97x39,1.79639,3783
86x44,1.50061,3784
88x43,1.50386,3784
79x48,1.30736,3792
69x55,1.40908,3795
73x52,1.30188,3796
76x50,1.30395,3800
95x40,1.79257,3800
81x47,1.40264,3807
68x56,1.29645,3808
93x41,1.69993,3813
72x53,1.29879,3816
83x46,1.40782,3818
67x57,1.40914,3819
78x49,1.30738,3822
91x42,1.69588,3822
98x39,1.80234,3822
75x51,1.39287,3825
85x45,1.61079,3825
89x43,1.60141,3827
66x58,1.29857,3828
87x44,1.59611,3828
71x54,1.29851,3834
65x59,1.41095,3835
64x60,1.29978,3840
80x48,1.40303,3840
96x40,1.79866,3840
63x61,1.30674,3843
74x52,1.41349,3848
70x55,1.30065,3850
77x50,1.30545,3850
82x47,1.49824,3854
94x41,1.70293,3854
99x39,1.89811,3861
69x56,1.30074,3864
84x46,1.4992,3864
92x42,1.69845,3864
73x53,1.72507,3869
86x45,1.59677,3870
90x43,1.60451,3870
79x49,1.49389,3871
88x44,1.59912,3872
68x57,1.30112,3876
76x51,1.5074,3876
97x40,1.80639,3880
67x58,1.52646,3886
72x54,1.41147,3888
81x48,1.49423,3888
66x59,1.39379,3894
95x41,1.80242,3895
65x60,1.39445,3900
75x52,1.30737,3900
78x50,1.39994,3900
83x47,1.49924,3901
64x61,1.3959,3904
71x55,1.39375,3905
63x62,1.39897,3906
93x42,1.79525,3906
85x46,1.59742,3910
91x43,1.69867,3913
87x45,1.60371,3915
89x44,1.69798,3916
70x56,1.30428,3920
80x49,1.49498,3920
98x40,1.89828,3920
74x53,1.39906,3922
77x51,1.40301,3927
69x57,1.39753,3933
82x48,1.49908,3936
96x41,1.80406,3936
73x54,1.4016,3942
68x58,1.30479,3944
84x47,1.61466,3948
94x42,1.79839,3948
79x50,1.40476,3950
76x52,1.40032,3952
67x59,1.39693,3953
86x46,1.59985,3956
92x43,1.70151,3956
66x60,1.3075,3960
72x55,1.39963,3960
88x45,1.70506,3960
90x44,1.69604,3960
99x40,1.90352,3960
65x61,1.39942,3965
64x62,1.40109,3968
81x49,1.49919,3969
75x53,1.49464,3975
71x56,1.30772,3976
97x41,1.89881,3977
78x51,1.49418,3978
83x48,1.59354,3984
70x57,1.40057,3990
95x42,1.80325,3990
85x47,1.59966,3995
74x54,1.60326,3996
93x43,1.80053,3999
80x50,1.40589,4000
69x58,1.52225,4002
87x46,1.69168,4002
77x52,1.49795,4004
91x44,1.70178,4004
89x45,1.60846,4005
68x59,1.39803,4012
73x55,1.40649,4015
82x49,1.59318,4018
98x41,1.90218,4018
67x60,1.40162,4020
66x61,1.60225,4026
76x53,1.6048,4028
79x51,1.50122,4029
65x62,1.40275,4030
64x63,1.40625,4032
72x56,1.4919,4032
84x48,1.59563,4032
96x42,1.89786,4032
86x47,1.71502,4042
94x43,1.90223,4042
71x57,1.40198,4047
88x46,1.69876,4048
92x44,1.7055,4048
75x54,1.49697,4050
81x50,1.50159,4050
90x45,1.70217,4050
78x52,1.40534,4056
99x41,1.9982,4059
70x58,1.40136,4060
83x49,1.60049,4067
74x55,1.50063,4070
69x59,1.49388,4071
97x42,1.99357,4074
68x60,1.49454,4080
80x51,1.50271,4080
85x48,1.60241,4080
77x53,1.5926,4081
95x43,1.90098,4085
67x61,1.49567,4087
73x56,1.4937,4088
87x47,1.60764,4089
66x62,1.49904,4092
93x44,1.80461,4092
89x46,1.79573,4094
65x63,1.40612,4095
91x45,1.79737,4095
82x50,1.50665,4100
72x57,1.40445,4104
76x54,1.51022,4104
79x52,1.50048,4108
84x49,1.59984,4116
98x42,1.99958,4116
71x58,1.40499,4118
75x55,1.50044,4125
86x48,1.69862,4128
96x43,1.90291,4128
70x59,1.49543,4130
81x51,1.5063,4131
78x53,1.50079,4134
88x47,1.69924,4136
94x44,1.89767,4136
69x60,1.40594,4140
90x46,1.79385,4140
92x45,1.79978,4140
74x56,1.40543,4144
68x61,1.40853,4148
83x50,1.60354,4150
67x62,1.49859,4154
66x63,1.50142,4158
77x54,1.50355,4158
99x42,2.00174,4158
65x64,1.59388,4160
80x52,1.59347,4160
73x57,1.50293,4161
85x49,1.69685,4165
97x43,2.00058,4171
72x58,1.50226,4176
87x48,1.699,4176
76x55,1.59444,4180
95x44,1.99318,4180
82x51,1.59933,4182
89x47,1.70418,4183
93x45,1.89616,4185
91x46,1.79971,4186
79x53,1.59947,4187
71x59,1.59327,4189
70x60,1.49703,4200
75x56,1.50223,4200
84x50,1.60663,4200
69x61,1.60498,4209
78x54,1.59729,4212
81x52,1.60048,4212
86x49,1.70051,4214
98x43,2.09343,4214
68x62,1.7023,4216
74x57,1.59728,4218
67x63,1.5041,4221
66x64,1.50447,4224
88x48,1.70534,4224
96x44,1.99759,4224
90x47,1.80202,4230
94x45,1.90263,4230
92x46,2.1189,4232
83x51,1.699,4233
73x58,1.60256,4234
77x55,1.59851,4235
80x53,1.5978,4240
72x59,1.59442,4248
85x50,1.70248,4250
76x56,1.50731,4256
99x43,2.09673,4257
71x60,1.50423,4260
87x49,1.79538,4263
82x52,1.69527,4264
79x54,1.69253,4266
97x44,2.00245,4268
70x61,1.50442,4270
89x48,1.79699,4272
75x57,1.70993,4275
95x45,2.00272,4275
91x47,1.80562,4277
69x62,1.59896,4278
93x46,1.90516,4278
68x63,1.59904,4284
84x51,1.70037,4284
67x64,1.59772,4288
66x65,1.60126,4290
78x55,1.60098,4290
74x58,1.60072,4292
81x53,1.6061,4293
86x50,1.79623,4300
73x59,1.60027,4307
77x56,1.60296,4312
88x49,1.80169,4312
98x44,2.00485,4312
83x52,1.70128,4316
72x60,1.60061,4320
80x54,1.60342,4320
90x48,1.80251,4320
96x45,2.00267,4320
92x47,1.90198,4324
94x46,1.99589,4324
71x61,1.60089,4331
76x57,1.69186,4332
85x51,1.79979,4335
70x62,1.59839,4340
79x55,1.60695,4345
82x53,1.69954,4346
69x63,1.60145,4347
75x58,1.60332,4350
87x50,1.8004,4350
68x64,1.60081,4352
67x65,1.69766,4355
99x44,2.10322,4356
89x49,1.89802,4361
97x45,2.09798,4365
74x59,1.6951,4366
78x56,1.60271,4368
84x52,1.79401,4368
91x48,1.90208,4368
95x46,2.00306,4370
93x47,2.00035,4371
81x54,1.69908,4374
73x60,1.60161,4380
86x51,1.91019,4386
77x57,1.80762,4389
72x61,1.60301,4392
83x53,1.79701,4399
80x55,1.70108,4400
88x50,1.80332,4400
71x62,1.60476,4402
76x58,1.7165,4408
70x63,1.71376,4410
90x49,1.8965,4410
98x45,2.19229,4410
69x64,1.69355,4416
92x48,1.99724,4416
96x46,2.09626,4416
94x47,2.0008,4418
68x65,1.60789,4420
85x52,1.79965,4420
67x66,1.60856,4422
79x56,1.70015,4424
75x59,1.70118,4425
82x54,1.7047,4428
87x51,1.90582,4437
74x60,1.60722,4440
78x57,1.70084,4446
89x50,1.89754,4450
84x53,1.79872,4452
73x61,1.70091,4453
81x55,1.79502,4455
99x45,2.19813,4455
91x49,1.99542,4459
97x46,2.103,4462
72x62,1.69755,4464
93x48,2.00535,4464
95x47,2.09634,4465
77x58,1.70011,4466
86x52,1.89486,4472
71x63,1.60826,4473
70x64,1.70082,4480
80x56,1.70221,4480
83x54,1.80136,4482
76x59,1.69756,4484
69x65,1.70274,4485
68x66,1.79492,4488
88x51,1.90173,4488
75x60,1.70092,4500
90x50,1.90226,4500
79x57,1.79431,4503
85x53,1.89764,4505
92x49,1.99764,4508
98x46,2.10546,4508
82x55,1.79627,4510
94x48,2.00694,4512
96x47,2.10391,4512
74x61,1.79417,4514
78x58,1.79233,4524
87x52,1.90023,4524
73x62,1.70223,4526
72x63,1.81145,4536
81x56,1.70536,4536
84x54,1.80214,4536
89x51,1.90817,4539
77x59,1.79685,4543
71x64,1.79408,4544
70x65,1.80022,4550
91x50,1.99926,4550
69x66,1.70557,4554
99x46,2.29385,4554
68x67,1.79594,4556
93x49,2.3206,4557
86x53,1.90154,4558
97x47,2.19584,4559
76x60,1.7979,4560
80x57,1.79761,4560
95x48,2.10235,4560
83x55,1.8963,4565
75x61,1.79774,4575
88x52,1.90255,4576
79x58,1.8027,4582
74x62,1.7063,4588
85x54,1.89974,4590
90x51,1.99698,4590
82x56,1.80531,4592
73x63,1.79773,4599
92x50,2.00435,4600
78x59,1.70795,4602
94x49,2.10287,4606
98x47,2.20349,4606
72x64,1.90854,4608
96x48,2.19824,4608
87x53,1.90452,4611
71x65,1.80181,4615
81x57,1.80197,4617
70x66,1.79805,4620
77x60,1.70917,4620
84x55,1.89917,4620
69x67,1.80002,4623
89x52,2.00169,4628
76x61,1.79927,4636
80x58,1.91088,4640
91x51,2.00507,4641
86x54,1.90451,4644
83x56,2.01225,4648
75x62,1.802,4650
93x50,2.09924,4650
99x47,2.30247,4653
95x49,2.1974,4655
97x48,2.20481,4656
79x59,1.80559,4661
74x63,2.00249,4662
88x53,2.00035,4664
73x64,1.80194,4672
82x57,1.89576,4674
85x55,1.99529,4675
72x65,1.80224,4680
78x60,1.80347,4680
90x52,2.00173,4680
71x66,1.80265,4686
70x67,1.80325,4690
69x68,1.89646,4692
92x51,2.09918,4692
77x61,1.80687,4697
81x58,1.89893,4698
87x54,1.99742,4698
94x50,2.10624,4700
84x56,1.90377,4704
96x49,2.20334,4704
98x48,2.29493,4704
76x62,1.80369,4712
89x53,2.0064,4717
80x59,1.89593,4720
75x63,1.89621,4725
86x55,1.99914,4730
83x57,1.90317,4731
91x52,2.09918,4732
74x64,1.80405,4736
79x60,1.89718,4740
93x51,2.30886,4743
73x65,1.89741,4745
95x50,2.20238,4750
72x66,1.8992,4752
88x54,2.00248,4752
99x48,2.30099,4752
97x49,2.29918,4753
82x58,1.90166,4756
71x67,1.9012,4757
78x61,1.8057,4758
70x68,1.89656,4760
85x56,2.00316,4760
90x53,2.09663,4770
77x62,1.90052,4774
81x59,1.89894,4779
92x52,2.19355,4784
87x55,2.00177,4785
76x63,1.90019,4788
84x57,1.99843,4788
94x51,2.51326,4794
75x64,1.90261,4800
80x60,1.90214,4800
96x50,2.29968,4800
98x49,2.30251,4802
89x54,2.09852,4806
74x65,1.90185,4810
83x58,1.90494,4814
86x56,2.00243,4816
73x66,2.00372,4818
79x61,1.90426,4819
91x53,2.19354,4823
72x67,1.90215,4824
71x68,1.99226,4828
70x69,1.90607,4830
78x62,1.99066,4836
93x52,2.20095,4836
82x59,1.99863,4838
88x55,2.09976,4840
85x57,2.09648,4845
95x51,2.29839,4845
97x50,2.39566,4850
77x63,1.90238,4851
99x49,2.39848,4851
81x60,1.99459,4860
90x54,2.10465,4860
76x64,1.99446,4864
84x58,2.0007,4872
87x56,2.09994,4872
75x65,1.99908,4875
92x53,2.10898,4876
80x61,1.90635,4880
74x66,1.99572,4884
94x52,2.30046,4888
73x67,1.99952,4891
89x55,2.19626,4895
72x68,1.99888,4896
96x51,2.30142,4896
83x59,2.10121,4897
79x62,1.90923,4898
71x69,1.90772,4899
98x50,2.4008,4900
86x57,2.10011,4902
78x63,1.90498,4914
91x54,2.10619,4914
82x60,2.00061,4920
77x64,2.09094,4928
88x56,2.10592,4928
93x53,2.29783,4929
85x58,2.00976,4930
76x65,2.00381,4940
95x52,2.30433,4940
81x61,2.00246,4941
97x51,2.40126,4947
75x66,2.00044,4950
90x55,2.19916,4950
99x50,2.40374,4950
84x59,2.09803,4956
74x67,2.00035,4958
87x57,2.10467,4959
80x62,2.01075,4960
73x68,2.09241,4964
72x69,2.09557,4968
92x54,2.42267,4968
71x70,2.10069,4970
79x63,2.09206,4977
83x60,2.09481,4980
94x53,2.30504,4982
89x56,2.20306,4984
86x58,2.19504,4988
78x64,2.1022,4992
96x52,2.39589,4992
98x51,2.40319,4998
82x61,2.20856,5002
77x65,2.00426,5005
91x55,2.31339,5005
85x59,2.10714,5015
76x66,2.00381,5016
88x57,2.19646,5016
81x62,2.0044,5022
93x54,2.30229,5022
75x67,2.42727,5025
74x68,2.006,5032
95x53,2.3986,5035
73x69,2.00849,5037
72x70,2.00589,5040
80x63,2.00809,5040
84x60,2.09874,5040
90x56,2.20341,5040
97x52,2.40613,5044
87x58,2.19788,5046
99x51,2.50095,5049
79x64,2.00818,5056
92x55,2.29973,5060
83x61,2.1996,5063
78x65,2.0991,5070
89x57,2.28636,5073
86x59,2.19645,5074
94x54,2.39629,5076
77x66,2.10435,5082
82x62,2.21243,5084
96x53,2.39914,5088
76x67,2.09825,5092
91x56,2.20802,5096
98x52,2.59182,5096
75x68,2.10251,5100
85x60,2.20037,5100
81x63,2.19726,5103
88x58,2.20328,5104
74x69,2.19138,5106
73x70,2.10488,5110
72x71,2.19935,5112
93x55,2.39641,5115
80x64,2.19264,5120
84x61,2.20026,5124
90x57,2.29819,5130
95x54,2.49281,5130
87x59,2.20217,5133
79x65,2.1242,5135
97x53,2.59371,5141
83x62,2.31219,5146
78x66,2.21373,5148
99x52,2.59631,5148
92x56,2.30698,5152
77x67,2.19682,5159
86x60,2.20153,5160
89x58,2.20935,5162
82x63,2.19821,5166
76x68,2.30611,5168
94x55,2.40356,5170
75x69,2.40581,5175
74x70,2.32746,5180
73x71,2.20387,5183
81x64,2.19753,5184
96x54,2.49785,5184
85x61,2.29654,5185
91x57,2.39869,5187
88x59,2.29775,5192
98x53,2.50362,5194
80x65,2.31067,5200
84x62,2.20273,5208
93x56,2.40437,5208
79x66,2.19895,5214
87x60,2.29926,5220
90x58,2.2993,5220
95x55,2.40374,5225
78x67,2.19826,5226
83x63,2.20288,5229
77x68,2.31031,5236
97x54,2.50723,5238
76x69,2.20408,5244
92x57,2.39896,5244
86x61,2.31349,5246
99x53,2.60336,5247
82x64,2.20561,5248
75x70,2.20165,5250
89x59,2.39347,5251
74x71,2.29694,5254
73x72,2.29975,5256
94x56,2.49625,5264
81x65,2.20425,5265
85x62,2.29926,5270
91x58,2.39915,5278
80x66,2.20359,5280
88x60,2.52264,5280
96x55,2.50522,5280
84x63,2.29841,5292
98x54,2.59951,5292
79x67,2.40598,5293
93x57,2.49775,5301
78x68,2.20521,5304
87x61,2.39666,5307
90x59,2.40178,5310
83x64,2.3013,5312
77x69,2.30343,5313
76x70,2.40986,5320
95x56,2.50412,5320
75x71,2.30106,5325
74x72,2.3007,5328
82x65,2.20949,5330
86x62,2.39495,5332
97x55,2.69385,5335
92x58,2.49321,5336
89x60,2.39892,5340
81x66,2.29893,5346
99x54,2.69885,5346
85x63,2.39754,5355
94x57,2.59722,5358
80x67,2.62888,5360
88x61,2.40018,5368
91x59,2.49706,5369
79x68,2.30019,5372
84x64,2.39993,5376
96x56,2.59983,5376
78x69,2.29886,5382
77x70,2.39271,5390
98x55,2.69743,5390
87x62,2.39846,5394
93x58,2.50488,5394
83x65,2.50907,5395
76x71,2.30335,5396
75x72,2.39577,5400
90x60,2.40064,5400
74x73,2.40173,5402
82x66,2.39472,5412
95x57,2.6922,5415
86x63,2.40013,5418
81x67,2.3029,5427
92x59,2.50425,5428
89x61,2.49969,5429
97x56,2.6976,5432
80x68,2.30228,5440
85x64,2.4002,5440
99x55,2.79718,5445
79x69,2.39737,5451
94x58,2.50647,5452
88x62,2.4946,5456
78x70,2.3943,5460
84x65,2.4027,5460
91x60,2.49873,5460
77x71,2.40363,5467
76x72,2.49335,5472
96x57,2.69772,5472
75x73,2.49669,5475
83x66,2.49276,5478
87x63,2.49681,5481
93x59,2.59975,5487
98x56,2.70077,5488
90x61,2.7034,5490
82x67,2.50886,5494
86x64,2.40429,5504
81x68,2.60749,5508
95x58,2.60278,5510
89x62,2.50234,5518
80x69,2.49246,5520
92x60,2.59651,5520
85x65,2.51911,5525
97x57,2.70314,5529
79x70,2.51225,5530
78x71,2.40256,5538
77x72,2.7167,5544
84x66,2.50011,5544
88x63,2.50339,5544
99x56,2.79775,5544
94x59,2.6941,5546
76x73,2.4982,5548
75x74,2.50256,5550
91x61,2.50868,5551
83x67,2.40877,5561
87x64,2.50379,5568
96x58,2.70009,5568
82x68,2.40451,5576
90x62,2.50332,5580
93x60,2.6914,5580
98x57,2.79894,5586
81x69,2.49859,5589
86x65,2.50104,5590
80x70,2.41348,5600
95x59,2.70273,5605
89x63,2.601,5607
79x71,2.5961,5609
85x66,2.70412,5610
92x61,2.60178,5612
78x72,2.60587,5616
77x73,2.50493,5621
76x74,2.50848,5624
97x58,2.79713,5626
84x67,2.50315,5628
88x64,2.5988,5632
94x60,2.69916,5640
91x62,2.60119,5642
99x57,2.80593,5643
83x68,2.59501,5644
87x65,2.59918,5655
82x69,2.59482,5658
96x59,2.79695,5664
81x70,2.50043,5670
90x63,2.60215,5670
93x61,2.70175,5673
86x66,2.69255,5676
80x71,2.69853,5680
98x58,2.80526,5684
79x72,2.61559,5688
78x73,2.50679,5694
85x67,2.60075,5695
89x64,2.60389,5696
77x74,2.69359,5698
76x75,2.6972,5700
95x60,2.79443,5700
92x62,2.69862,5704
84x68,2.59502,5712
88x65,2.69477,5720
97x59,2.80555,5723
83x69,2.60217,5727
91x63,2.69893,5733
94x61,2.81474,5734
82x70,2.59821,5740
87x66,2.69598,5742
99x58,2.90149,5742
81x71,2.5073,5751
80x72,2.59707,5760
90x64,2.69885,5760
96x60,2.80296,5760
86x67,2.60398,5762
93x62,2.70718,5766
79x73,2.69745,5767
78x74,2.6949,5772
77x75,2.69997,5775
85x68,2.70652,5780
98x59,2.89899,5782
89x65,2.69703,5785
95x61,2.80734,5795
84x69,2.60708,5796
92x63,2.70516,5796
88x66,2.60707,5808
83x70,2.69881,5810
97x60,3.30011,5820
82x71,2.60743,5822
91x64,2.81304,5824
94x62,2.80205,5828
87x67,2.81321,5829
81x72,2.69666,5832
80x73,2.70086,5840
99x59,2.9981,5841
79x74,2.8107,5846
86x68,2.70011,5848
78x75,2.81279,5850
90x65,2.70087,5850
77x76,2.70688,5852
96x61,2.90062,5856
93x63,2.70602,5859
85x69,2.70146,5865
89x66,2.81283,5874
84x70,2.81203,5880
98x60,2.90074,5880
92x64,2.89252,5888
95x62,2.90005,5890
83x71,2.70369,5893
88x67,2.79375,5896
82x72,2.79283,5904
81x73,2.70449,5913
91x65,2.80265,5915
87x68,2.79731,5916
97x61,3.09366,5917
80x74,2.70509,5920
94x63,2.99123,5922
79x75,2.79776,5925
78x76,2.70412,5928
86x69,2.79677,5934
90x66,2.79607,5940
99x60,2.99987,5940
85x70,2.79712,5950
93x64,2.90006,5952
96x62,2.99432,5952
89x67,2.89223,5963
84x71,2.7278,5964
83x72,2.89138,5976
98x61,3.00128,5978
92x65,2.80491,5980
88x68,2.80522,5984
95x63,2.99827,5985
82x73,2.80171,5986
81x74,2.8024,5994
80x75,2.89288,6000
87x69,2.80608,6003
79x76,2.80383,6004
78x77,2.9001,6006
91x66,2.89505,6006
97x62,3.00627,6014
94x64,2.90802,6016
86x70,2.80442,6020
90x67,2.80411,6030
85x71,2.89778,6035
99x61,3.10157,6039
93x65,3.09558,6045
84x72,3.00587,6048
96x63,3.00257,6048
89x68,2.89857,6052
83x73,2.9016,6059
82x74,2.80655,6068
88x69,2.89804,6072
92x66,2.90185,6072
81x75,2.90081,6075
98x62,3.09732,6076
80x76,2.89956,6080
95x64,3.00096,6080
79x77,2.99581,6083
87x70,2.90041,6090
91x67,2.90482,6097
86x71,2.89893,6106
94x65,3.00019,6110
97x63,3.19474,6111
85x72,2.90803,6120
90x68,2.8989,6120
84x73,2.90495,6132
93x66,3.00274,6138
99x62,3.19779,6138
89x69,2.90241,6141
83x74,2.90455,6142
96x64,3.09986,6144
82x75,2.99381,6150
81x76,3.0096,6156
80x77,2.90566,6160
88x70,2.99596,6160
79x78,3.00036,6162
92x67,3.00183,6164
98x63,3.10358,6174
95x65,3.09879,6175
87x71,3.00002,6177
91x68,3.00311,6188
86x72,3.10962,6192
94x66,3.09631,6204
85x73,3.09976,6205
97x64,3.10765,6208
90x69,3.00063,6210
84x74,3.0002,6216
83x75,3.00208,6225
89x70,3.00146,6230
93x67,3.09864,6231
82x76,3.00336,6232
81x77,3.20461,6237
99x63,3.19864,6237
80x78,3.09498,6240
96x65,3.19752,6240
88x71,3.00276,6248
92x68,3.11717,6256
87x72,3.09761,6264
95x66,3.19456,6270
98x64,3.29331,6272
86x73,3.09841,6278
91x69,3.09848,6279
85x74,3.10023,6290
94x67,3.19697,6298
84x75,3.09622,6300
90x70,3.09565,6300
97x65,3.29366,6305
83x76,3.09959,6308
82x77,3.09971,6314
81x78,3.10239,6318
89x71,3.09957,6319
80x79,3.21252,6320
93x68,3.10557,6324
88x72,3.09819,6336
96x66,3.20602,6336
99x64,3.29893,6336
92x69,3.1933,6348
87x73,3.19679,6351
86x74,3.09925,6364
95x67,3.20513,6365
91x70,3.10035,6370
98x65,3.29948,6370
85x75,3.10388,6375
84x76,3.19587,6384
90x71,3.10242,6390
83x77,3.20099,6391
94x68,3.20161,6392
82x78,3.10327,6396
81x79,3.20178,6399
97x66,3.29833,6402
89x72,3.10466,6408
93x69,3.40347,6417
88x73,3.19974,6424
96x67,3.29889,6432
99x65,3.39672,6435
87x74,3.20038,6438
92x70,3.1074,6440
86x75,3.2083,6450
85x76,3.29511,6460
95x68,3.30023,6460
91x71,3.20086,6461
84x77,3.2073,6468
98x66,3.39764,6468
83x78,3.29282,6474
82x79,3.20879,6478
81x80,3.29568,6480
90x72,3.20565,6480
94x69,3.3006,6486
89x73,3.29388,6497
97x67,3.30632,6499
93x70,3.30349,6510
88x74,3.31863,6512
87x75,3.30216,6525
96x68,3.39719,6528
92x71,3.40452,6532
99x66,3.40135,6534
86x76,3.2932,6536
85x77,3.30329,6545
84x78,3.3942,6552
91x72,3.20612,6552
95x69,3.40195,6555
83x79,3.40533,6557
82x80,3.39138,6560
98x67,3.40229,6566
90x73,3.30023,6570
94x70,3.30427,6580
89x74,3.51834,6586
97x68,3.49501,6596
88x75,3.39814,6600
93x71,3.39919,6603
87x76,3.39558,6612
86x77,3.3997,6622
92x72,3.30519,6624
96x69,3.40201,6624
85x78,3.39675,6630
99x67,3.49886,6633
84x79,3.39985,6636
83x80,3.4008,6640
82x81,3.4022,6642
91x73,3.40046,6643
95x70,3.49321,6650
90x74,3.30454,6660
98x68,3.49726,6664
94x71,3.49828,6674
89x75,3.39877,6675
88x76,3.40093,6688
97x69,3.50509,6693
93x72,3.40702,6696
87x77,3.40686,6699
86x78,3.51376,6708
85x79,3.4983,6715
92x73,3.49694,6716
84x80,3.40613,6720
96x70,3.50208,6720
83x81,3.50059,6723
99x68,3.59882,6732
91x74,3.49599,6734
95x71,3.50302,6745
90x75,3.49809,6750
98x69,3.50854,6762
89x76,3.4975,6764
94x72,3.50218,6768
88x77,3.50062,6776
87x78,3.50043,6786
93x73,3.50323,6789
97x70,3.60042,6790
86x79,3.59634,6794
85x80,3.50309,6800
84x81,3.59615,6804
83x82,3.60034,6806
92x74,3.72049,6808
96x71,3.60149,6816
91x75,3.5026,6825
99x69,3.69966,6831
90x76,3.61335,6840
95x72,3.60178,6840
89x77,3.50888,6853
98x70,3.69324,6860
94x73,3.6,6862
88x78,3.59557,6864
87x79,3.71052,6873
86x80,3.50877,6880
93x74,3.60229,6882
85x81,3.60191,6885
97x71,3.69867,6887
84x82,3.60583,6888
92x75,3.6012,6900
96x72,3.69605,6912
91x76,3.71146,6916
90x77,3.60051,6930
99x70,3.70077,6930
95x73,3.69907,6935
89x78,3.69353,6942
88x79,3.69767,6952
94x74,3.6933,6956
98x71,3.6999,6958
87x80,3.69583,6960
86x81,3.60465,6966
85x82,3.70237,6970
84x83,3.79629,6972
93x75,3.6989,6975
97x72,3.79688,6984
92x76,3.80094,6992
91x77,3.79499,7007
96x73,3.79911,7008
90x78,3.69757,7020
99x71,3.79924,7029
95x74,3.79648,7030
89x79,3.70065,7031
88x80,3.7071,7040
87x81,3.70368,7047
94x75,3.92595,7050
86x82,3.7975,7052
85x83,3.89314,7055
98x72,3.8031,7056
93x76,3.80064,7068
97x73,3.8968,7081
92x77,3.7046,7084
91x78,3.81344,7098
96x74,3.80427,7104
90x79,3.79703,7110
89x80,3.90134,7120
95x75,3.89933,7125
88x81,3.89576,7128
99x72,3.80749,7128
87x82,3.89866,7134
86x83,3.89811,7138
85x84,3.90069,7140
94x76,3.89755,7144
98x73,3.90148,7154
93x77,3.89963,7161
92x78,3.79969,7176
97x74,3.90766,7178
91x79,3.89646,7189
90x80,3.80436,7200
96x75,3.90026,7200
89x81,3.90126,7209
88x82,3.90005,7216
95x76,3.90721,7220
87x83,4.1082,7221
86x84,4.01327,7224
99x73,4.09293,7227
94x77,3.99439,7238
98x74,3.99839,7252
93x78,3.9036,7254
92x79,3.90093,7268
97x75,4.0933,7275
91x80,4.0121,7280
90x81,3.99755,7290
96x76,4.00404,7296
89x82,3.99891,7298
88x83,4.09573,7304
87x84,4.09737,7308
86x85,4.20952,7310
95x77,4.0938,7315
99x74,4.00536,7326
94x78,3.9995,7332
93x79,4.00036,7347
98x75,4.00483,7350
92x80,4.09157,7360
91x81,4.09702,7371
97x76,4.09794,7372
90x82,4.00213,7380
89x83,4.10141,7387
88x84,4.11969,7392
96x77,4.00606,7392
87x85,4.19748,7395
95x78,4.09931,7410
99x75,4.19771,7425
94x79,4.10524,7426
93x80,4.19423,7440
98x76,4.10701,7448
92x81,4.10288,7452
91x82,4.21527,7462
97x77,4.10796,7469
90x83,4.1971,7470
89x84,4.20033,7476
88x85,4.20441,7480
87x86,4.30108,7482
96x78,4.19507,7488
95x79,4.10539,7505
94x80,4.70585,7520
99x76,4.20387,7524
93x81,4.20357,7533
92x82,4.19817,7544
98x77,4.2966,7546
91x83,4.40451,7553
90x84,4.29729,7560
89x85,4.30207,7565
97x78,4.29634,7566
88x86,4.29838,7568
96x79,4.2051,7584
95x80,4.29687,7600
94x81,4.30056,7614
99x77,4.39976,7623
93x82,4.39633,7626
92x83,4.30337,7636
91x84,4.30425,7644
98x78,4.30325,7644
90x85,4.30525,7650
89x86,4.50952,7654
88x87,4.40304,7656
97x79,4.39873,7663
96x80,4.39518,7680
95x81,4.40311,7695
94x82,4.50561,7708
93x83,4.40574,7719
99x78,4.49542,7722
92x84,4.40363,7728
91x85,4.40152,7735
90x86,4.40251,7740
98x79,4.4029,7742
89x87,4.50341,7743
97x80,4.4991,7760
96x81,4.40865,7776
95x82,4.59271,7790
94x83,4.59418,7802
93x84,4.50486,7812
92x85,4.5961,7820
99x79,4.50319,7821
91x86,4.5939,7826
90x87,4.59751,7830
89x88,4.59993,7832
98x80,4.59144,7840
97x81,4.6021,7857
96x82,4.59855,7872
95x83,4.59925,7885
94x84,4.50616,7896
93x85,4.60229,7905
92x86,4.60427,7912
91x87,4.7,7917
90x88,4.6997,7920
99x80,4.60226,7920
98x81,4.6005,7938
97x82,4.69847,7954
96x83,4.69867,7968
95x84,4.70557,7980
94x85,4.70152,7990
93x86,4.79287,7998
92x87,4.79688,8004
91x88,4.81534,8008
90x89,4.79583,8010
99x81,4.79272,8019
98x82,4.70416,8036
97x83,4.79809,8051
96x84,4.70291,8064
95x85,4.80202,8075
94x86,4.80175,8084
93x87,4.80834,8091
92x88,4.80302,8096
91x89,4.8974,8099
99x82,4.80529,8118
98x83,4.89629,8134
97x84,4.89939,8148
96x85,4.80807,8160
95x86,4.89764,8170
94x87,4.90499,8178
93x88,4.99442,8184
92x89,4.99568,8188
91x90,5.00181,8190
99x83,5.00191,8217
98x84,4.90524,8232
97x85,5.00601,8245
96x86,4.99493,8256
95x87,5.00389,8265
94x88,5.095,8272
93x89,5.19661,8277
92x90,5.09714,8280
99x84,5.09775,8316
98x85,5.00231,8330
97x86,5.09879,8342
96x87,5.10209,8352
95x88,5.19308,8360
94x89,5.10658,8366
93x90,5.21395,8370
92x91,5.20245,8372
99x85,5.19669,8415
98x86,5.19341,8428
97x87,5.20028,8439
96x88,5.10374,8448
95x89,5.20382,8455
94x90,5.29315,8460
93x91,5.30134,8463
99x86,5.29936,8514
98x87,5.30231,8526
97x88,5.39443,8536
96x89,5.30242,8544
95x90,5.39557,8550
94x91,5.40382,8554
93x92,5.40129,8556
99x87,5.39953,8613
98x88,5.39847,8624
97x89,5.40447,8633
96x90,5.40078,8640
95x91,5.40693,8645
94x92,5.59802,8648
99x88,5.40913,8712
98x89,5.49805,8722
97x90,5.50163,8730
96x91,5.59885,8736
95x92,5.69642,8740
94x93,5.6977,8742
99x89,5.69274,8811
98x90,5.50799,8820
97x91,5.69746,8827
96x92,5.69948,8832
95x93,5.79535,8835
99x90,5.69858,8910
98x91,5.79504,8918
97x92,5.79718,8924
96x93,5.80625,8928
95x94,5.90544,8930
99x91,5.80472,9009
98x92,5.80069,9016
97x93,5.90564,9021
96x94,5.99724,9024
99x92,5.9977,9108
98x93,6.00506,9114
97x94,6.09941,9118
96x95,6.19462,9120
99x93,6.10293,9207
98x94,6.00947,9212
97x95,6.29416,9215
99x94,6.29624,9306
98x95,6.39497,9310
97x96,6.40021,9312
99x95,6.40735,9405
98x96,6.40281,9408
99x96,6.59454,9504
98x97,6.59543,9506
99x97,6.79777,9603
99x98,6.80266,9702
rowxcol,Time(s),Row x Col